house_number,name,phone_number,area,family_size,diet_type,meat_days,vegetables,fruits,food_grains,rice_type,dairy_products,rice_per_day,rice_per_month,milk_per_week,grocery_source,vegetable_frequency,grocery_frequency,locality,grains,rice_types,dairy,daily_rice,monthly_rice,weekly_milk,zone_North,zone_South,zone_East,zone_West,zone_Central,zone_Unknown,diet_pescatarian,diet_vegan,diet_jain,diet_vegetarian,diet_non_vegetarian,diet_eggetarian,veg_bottle_gourd,fruit_papaya,grain_ragi,dairy_buttermilk,store_amazon_fresh,store_dmart_ready,store_more_mega_store,store_zepto,store_from_our_coffee_estate,store_swiggy_instamart,store_blinkit,store_big_market,store_general_stores,store_metro,store_dmart,store_k_r_market,store_reliance_fresh,store_gandhi_bazaar,store_local_kirana_stores,store_all_of_this,store_flipkart_minutes,store_lulu_daily,store_bigbasket,store_amazon_now,store_shoprite_mall,store_jio_mart,vegetable_count,fruit_count,grain_count,dairy_count,store_count,veg_radish,fruit_grapes,grain_wheat,dairy_paneer,veg_onion,veg_tomato,veg_carrot,veg_potato,veg_brinjal,veg_beans,fruit_banana,fruit_apple,fruit_orange,grain_rice,dairy_milk,dairy_curd,dairy_ice_cream,rice_sona_masuri,rice_basmati,rice_brown_rice,rice_idli_dosa_rice,grain_millets,rice_sona_masoori,veg_drumstick,veg_snake_gourd,veg_field_beans_(avarekai),fruit_custard_apple,rice_white_rice,veg_beetroot,veg_ash_gourd,veg_greens,veg_colocasia,fruit_pomegranate
201,p mahema sai,9739697840,doddakallasandra,4,Non_Vegetarian,wednesday;friday;sunday,onion;tomato;carrot;potato;beans;chilli,banana;apple;orange;grapes;watermelon;pomegranate,rice;millets;ragi;wheat,white rice;basmati;brown rice,milk;curd;panner;buttermilk;ice cream,0.5,6.0,5.0,metro,weekly once,Monthly,,,,,,,,,,,,,,,,,,,,,,,,,,,,,,,,,,,,,,,,,,,,,,,,,,,,,,,,,,,,,,,,,,,,,,,,,,,,,,,,,,,
20,namitha n reddy,9108291205,koramangala,5,Vegetarian,not_applicable,onion;tomato;carrot;potato;beans;cabbage;drumstick,banana;apple;orange;papaya;guava;kiwi,rice;millets;ragi;barley,white rice,milk;curd;panner,0.5,6.0,5.0,local kirana stores,Biweekly,Biweekly,,,,,,,,,,,,,,,,,,,,,,,,,,,,,,,,,,,,,,,,,,,,,,,,,,,,,,,,,,,,,,,,,,,,,,,,,,,,,,,,,,,
703,n,9876512349,doddakallasandra,4,Vegetarian,not_applicable,tomato;carrot;potato;beans;chilli,banana;apple;orange;papaya;guava,rice;jawar;millets;wheat,white rice;sona masuri;idli/dosa rice;brown rice,milk;curd;panner;buttermilk;ice cream,0.5,6.0,3.0,blinkit,weekly twice,weekly once,,,,,,,,,,,,,,,,,,,,,,,,,,,,,,,,,,,,,,,,,,,,,,,,,,,,,,,,,,,,,,,,,,,,,,,,,,,,,,,,,,,
251,shobhika santhosh,7022167063,hsr,3,Non_Vegetarian,wednesday;friday;saturday;sunday,onion;tomato;carrot;potato;brinjal;beans;cabbage;chilli,banana;apple;mango,rice;millets;ragi;wheat,red rice/rajamudi,milk;curd;panner;buttermilk;ice cream,0.5,3.0,1.0,lulu daily,weekly once,Biweekly,,,,,,,,,,,,,,,,,,,,,,,,,,,,,,,,,,,,,,,,,,,,,,,,,,,,,,,,,,,,,,,,,,,,,,,,,,,,,,,,,,,
147,,9513144130,vijayanagar,4,Eggetarian,not_applicable,onion;tomato;carrot;beans;cabbage,banana;apple;orange;papaya,rice;millets;wheat;maize,white rice;sona masuri;idli/dosa rice,milk;curd,0.5,6.0,7.0,amazon fresh;amazon now,weekly twice,Biweekly,,,,,,,,,,,,,,,,,,,,,,,,,,,,,,,,,,,,,,,,,,,,,,,,,,,,,,,,,,,,,,,,,,,,,,,,,,,,,,,,,,,
15,prarthana d acharya,8867575549,electronic city,2,Non_Vegetarian,tuesday;wednesday;saturday;sunday,onion;tomato;carrot;potato;drumstick;chilli,banana;apple;orange;papaya;watermelon,rice;jawar;ragi;wheat;maize,white rice;sona masuri;brown rice,milk;curd;panner;buttermilk;ice cream,1.0,10.0,7.0,dmart,weekly once,Biweekly,,,,,,,,,,,,,,,,,,,,,,,,,,,,,,,,,,,,,,,,,,,,,,,,,,,,,,,,,,,,,,,,,,,,,,,,,,,,,,,,,,,
1/222,nidhi,7204281596,vijayanagar,4,Non_Vegetarian,monday;tuesday;wednesday;thursday;sunday,onion;tomato;potato;beans;drumstick;chilli,banana;apple;orange;papaya;watermelon,rice;wheat,brown rice,milk,0.5,10.0,1.0,local kirana stores,weekly once,weekly once,,,,,,,,,,,,,,,,,,,,,,,,,,,,,,,,,,,,,,,,,,,,,,,,,,,,,,,,,,,,,,,,,,,,,,,,,,,,,,,,,,,
10,nidhi mallikarjuna,7398567891,marathahalli,3,Non_Vegetarian,monday;tuesday;wednesday;thursday;friday;saturday;sunday,onion;tomato;potato;cabbage;drumstick;chilli,banana;apple;orange;grapes;watermelon,rice;ragi;wheat;maize,white rice;basmati;idli/dosa rice,milk;curd;panner;buttermilk;ice cream,0.5,3.0,1.0,amazon fresh;amazon now,weekly once,weekly once,,,,,,,,,,,,,,,,,,,,,,,,,,,,,,,,,,,,,,,,,,,,,,,,,,,,,,,,,,,,,,,,,,,,,,,,,,,,,,,,,,,
No 9 ,chandu,9591287412,andrahalli,6,Non_Vegetarian,monday;tuesday;wednesday;thursday;friday;saturday;sunday,onion;tomato;carrot;potato;brinjal;beans;cauliflower;cabbage;okra;drumstick;chilli,banana;apple;orange;papaya;grapes;watermelon;pomegranate;guava,rice;jawar;millets;ragi;wheat;maize;barley;sorghum,white rice;sona masuri;madhusanna;jeerige sanna;red rice/rajamudi;basmati;idli/dosa rice;brown rice;black rice,milk;curd;panner;buttermilk;ice cream,0.5,18.0,3.0,dmart ready,Biweekly,Monthly,,,,,,,,,,,,,,,,,,,,,,,,,,,,,,,,,,,,,,,,,,,,,,,,,,,,,,,,,,,,,,,,,,,,,,,,,,,,,,,,,,,
145,niharika mirle,9742429055,bannerghatta road,3,Non_Vegetarian,monday;tuesday;wednesday;thursday;friday;saturday;sunday,onion;tomato;carrot;potato;brinjal;beans;cauliflower;cabbage;okra;drumstick;chilli;zukkini,banana;apple;orange;papaya;grapes;watermelon;pomegranate;guava,rice;millets;ragi;wheat;maize;barley,brown rice,milk;curd;panner;buttermilk;ice cream,0.5,14.0,7.0,blinkit,weekly once,Biweekly,,,,,,,,,,,,,,,,,,,,,,,,,,,,,,,,,,,,,,,,,,,,,,,,,,,,,,,,,,,,,,,,,,,,,,,,,,,,,,,,,,,
150/151,sanjan m,9742039222,bannerghatta road,4,Non_Vegetarian,monday;tuesday;wednesday;thursday;friday;sunday,onion;tomato;carrot;potato;drumstick;chilli,banana;apple;orange;watermelon;guava,rice;millets;ragi;wheat,white rice;sona masuri;red rice/rajamudi;idli/dosa rice;brown rice,milk;curd;panner;ice cream,0.5,10.0,5.0,zepto,weekly once,weekly once,,,,,,,,,,,,,,,,,,,,,,,,,,,,,,,,,,,,,,,,,,,,,,,,,,,,,,,,,,,,,,,,,,,,,,,,,,,,,,,,,,,
45,gurudev,9880549056,sarjapur road,6,Non_Vegetarian,monday;tuesday;wednesday;thursday;friday;sunday,onion;tomato;carrot;potato;brinjal;beans;cauliflower;cabbage;okra;drumstick;chilli,banana;apple;orange;papaya;grapes;watermelon;pomegranate,rice;jawar;ragi,basmati;idli/dosa rice,milk;curd;panner;buttermilk;ice cream,0.5,6.0,5.0,dmart,weekly twice,weekly once,,,,,,,,,,,,,,,,,,,,,,,,,,,,,,,,,,,,,,,,,,,,,,,,,,,,,,,,,,,,,,,,,,,,,,,,,,,,,,,,,,,
#8,ajay,7676509689,andrahalli,4,Vegetarian,not_applicable,onion;tomato;carrot;potato;brinjal;beans;cauliflower;cabbage;okra;drumstick;chilli,banana;apple;orange;papaya;grapes;watermelon,rice;wheat,white rice,milk;curd;panner;ice cream,0.5,3.0,7.0,shoprite mall,weekly twice,Biweekly,,,,,,,,,,,,,,,,,,,,,,,,,,,,,,,,,,,,,,,,,,,,,,,,,,,,,,,,,,,,,,,,,,,,,,,,,,,,,,,,,,,
9,prathith shetty,9036541656,sarjapur road,4,Non_Vegetarian,monday;tuesday;wednesday;thursday;friday;saturday;sunday,onion;tomato;carrot;potato;brinjal;beans;cabbage;chilli,banana;apple;papaya,rice,white rice;idli/dosa rice;brown rice,milk;curd,0.5,6.0,5.0,dmart,weekly once,Biweekly,,,,,,,,,,,,,,,,,,,,,,,,,,,,,,,,,,,,,,,,,,,,,,,,,,,,,,,,,,,,,,,,,,,,,,,,,,,,,,,,,,,
8,arvind,9741350276,vijayanagar,4,Non_Vegetarian,wednesday;sunday,onion;tomato;carrot;potato;brinjal;cauliflower,banana;papaya;grapes;watermelon;guava,rice;ragi;wheat,sona masuri,milk;curd;panner;buttermilk;ice cream,0.5,10.0,1.0,dmart,weekly twice,Monthly,,,,,,,,,,,,,,,,,,,,,,,,,,,,,,,,,,,,,,,,,,,,,,,,,,,,,,,,,,,,,,,,,,,,,,,,,,,,,,,,,,,
405,,89512 25478,electronic city,5,Eggetarian,not_applicable,onion;tomato;carrot;potato;beans;chilli,banana;apple;orange;papaya;pomegranate,rice;jawar;millets;ragi;wheat,white rice,milk;panner;ice cream,0.5,18.0,5.0,dmart,weekly twice,Monthly,,,,,,,,,,,,,,,,,,,,,,,,,,,,,,,,,,,,,,,,,,,,,,,,,,,,,,,,,,,,,,,,,,,,,,,,,,,,,,,,,,,
32,pavithra n,9845942346,electronic city,3,Non_Vegetarian,tuesday;wednesday;thursday;sunday,onion;tomato;carrot;potato;chilli,banana;apple;orange;papaya;watermelon;pomegranate,rice;ragi;wheat,sona masuri;jeerige sanna,milk;curd;panner;buttermilk,0.5,3.0,1.0,dmart,weekly twice,Biweekly,,,,,,,,,,,,,,,,,,,,,,,,,,,,,,,,,,,,,,,,,,,,,,,,,,,,,,,,,,,,,,,,,,,,,,,,,,,,,,,,,,,
22-Jun,manya j,9964442294,btm,5,Non_Vegetarian,wednesday;thursday;friday;sunday,onion;tomato;carrot;potato;beans;chilli,banana;apple;orange;watermelon,rice;millets;ragi;wheat;maize,white rice;sona masuri;jeerige sanna;idli/dosa rice,milk;curd;panner;buttermilk;ice cream,0.5,18.0,5.0,zepto,Once in two days,Biweekly,,,,,,,,,,,,,,,,,,,,,,,,,,,,,,,,,,,,,,,,,,,,,,,,,,,,,,,,,,,,,,,,,,,,,,,,,,,,,,,,,,,
405,manish m,9766146825,nagarbhavi,5,Eggetarian,not_applicable,onion;tomato;carrot;potato;brinjal;chilli,banana;apple;papaya;watermelon;pomegranate,rice;jawar;millets;ragi;wheat,white rice,milk;curd;panner;buttermilk;ice cream,0.5,3.0,3.0,local kirana stores,weekly twice,when needed,,,,,,,,,,,,,,,,,,,,,,,,,,,,,,,,,,,,,,,,,,,,,,,,,,,,,,,,,,,,,,,,,,,,,,,,,,,,,,,,,,,
#476,navaneeth,9164281339,sarjapur road,6,Non_Vegetarian,tuesday;wednesday;friday;sunday,onion;tomato;carrot;potato;brinjal;beans;cauliflower;cabbage;okra;drumstick;chilli,banana;apple;orange;papaya;grapes;watermelon;pomegranate;guava,rice;jawar;millets;ragi;wheat;maize;barley;sorghum,white rice;sona masuri;madhusanna;red rice/rajamudi;basmati,milk;curd;panner;ice cream,0.5,10.0,5.0,metro,weekly twice,Monthly,,,,,,,,,,,,,,,,,,,,,,,,,,,,,,,,,,,,,,,,,,,,,,,,,,,,,,,,,,,,,,,,,,,,,,,,,,,,,,,,,,,
69,nihar,8073543790,vijayanagar,6,jain,monday;tuesday;wednesday;thursday;friday;saturday;sunday,onion;tomato;carrot;potato;brinjal;beans;cauliflower;cabbage;okra;drumstick;chilli;hagalkai,banana;apple;orange;watermelon;guava;mango,ragi;wheat;barley,white rice;basmati;idli/dosa rice;brown rice,milk;curd;buttermilk,1.0,14.0,3.0,amazon fresh;amazon now,weekly twice,Monthly,,,,,,,,,,,,,,,,,,,,,,,,,,,,,,,,,,,,,,,,,,,,,,,,,,,,,,,,,,,,,,,,,,,,,,,,,,,,,,,,,,,
76,parinitha,8431737134,isro layout,4,Vegetarian,not_applicable,onion;tomato;carrot;potato;cauliflower;chilli,banana;apple;orange;pomegranate;guava,rice;ragi;wheat,white rice;idli/dosa rice;brown rice,milk;curd;panner;buttermilk;ice cream,0.5,10.0,3.0,blinkit,weekly once,weekly once,,,,,,,,,,,,,,,,,,,,,,,,,,,,,,,,,,,,,,,,,,,,,,,,,,,,,,,,,,,,,,,,,,,,,,,,,,,,,,,,,,,
No 8,usha.n,9845537353,vijayanagar,4,Non_Vegetarian,wednesday;sunday,onion;tomato;potato;beans;chilli,banana;apple;papaya;watermelon;guava,rice;ragi;wheat,sona masuri,milk;curd;panner;buttermilk,0.5,10.0,3.0,dmart ready,weekly once,Biweekly,,,,,,,,,,,,,,,,,,,,,,,,,,,,,,,,,,,,,,,,,,,,,,,,,,,,,,,,,,,,,,,,,,,,,,,,,,,,,,,,,,,
52,monish r,9591792579,andrahalli,4,Non_Vegetarian,tuesday;wednesday;sunday,onion;tomato;carrot;potato;beans;okra;drumstick;chilli;,banana;apple;orange;papaya;grapes;watermelon;pomegranate;guava,rice;ragi;wheat,sona masuri;brown rice,milk;curd;panner;ice cream,0.5,14.0,5.0,more mega store,weekly twice,Biweekly,,,,,,,,,,,,,,,,,,,,,,,,,,,,,,,,,,,,,,,,,,,,,,,,,,,,,,,,,,,,,,,,,,,,,,,,,,,,,,,,,,,
Door No 8 Ground Floor,arun rao v,9845472293,vijayanagar,3,Non_Vegetarian,wednesday;friday;sunday,onion;tomato;carrot;potato;brinjal;beans;chilli,banana;papaya;grapes;watermelon;pomegranate;mango,rice;ragi;wheat,white rice;idli/dosa rice,milk;curd;panner;buttermilk;ice cream,0.5,3.0,1.0,dmart ready,weekly twice,Biweekly,,,,,,,,,,,,,,,,,,,,,,,,,,,,,,,,,,,,,,,,,,,,,,,,,,,,,,,,,,,,,,,,,,,,,,,,,,,,,,,,,,,
"House # 8, 8th Cross",vasudeva rao p j,9886126345,vijayanagar,2,Vegetarian,not_applicable,onion;tomato;carrot;potato;brinjal;beans;cauliflower;cabbage;drumstick;chilli,banana;papaya;grapes;pomegranate;guava,rice;wheat,white rice,milk;curd;buttermilk,0.5,3.0,1.0,local kirana stores,weekly once,Biweekly,,,,,,,,,,,,,,,,,,,,,,,,,,,,,,,,,,,,,,,,,,,,,,,,,,,,,,,,,,,,,,,,,,,,,,,,,,,,,,,,,,,
#564,amrita pradeep,7397787224,vijayanagar,4,Non_Vegetarian,monday;tuesday;wednesday;friday;sunday,onion;tomato;carrot;potato;brinjal;beans,banana;apple;orange;grapes,rice;millets;wheat;maize,white rice;sona masuri;red rice/rajamudi;basmati;idli/dosa rice,milk;curd;panner;ice cream,0.5,3.0,7.0,flipkart minutes,weekly once,Biweekly,,,,,,,,,,,,,,,,,,,,,,,,,,,,,,,,,,,,,,,,,,,,,,,,,,,,,,,,,,,,,,,,,,,,,,,,,,,,,,,,,,,
23,niya,9353577171,sarjapur road,5,Non_Vegetarian,monday;tuesday;wednesday;thursday;friday;saturday;sunday,onion;tomato;potato;beans;cabbage;okra;chilli,banana;orange;grapes;watermelon;guava,rice;wheat,red rice/rajamudi;idli/dosa rice;brown rice,milk;curd;ice cream,0.5,10.0,5.0,dmart,weekly twice,Biweekly,,,,,,,,,,,,,,,,,,,,,,,,,,,,,,,,,,,,,,,,,,,,,,,,,,,,,,,,,,,,,,,,,,,,,,,,,,,,,,,,,,,
498,nikita,9845393511,hanumanthnagar,1,Non_Vegetarian,tuesday;wednesday;friday;sunday,onion;tomato;carrot;potato;chilli,banana;apple;orange;watermelon,rice;millets;ragi;wheat,white rice;basmati;idli/dosa rice;brown rice,milk;curd;panner;buttermilk;ice cream,0.5,6.0,1.0,local kirana stores,weekly once,Biweekly,,,,,,,,,,,,,,,,,,,,,,,,,,,,,,,,,,,,,,,,,,,,,,,,,,,,,,,,,,,,,,,,,,,,,,,,,,,,,,,,,,,
168,prabhakar rao n,9916079172,nagarbhavi,5,Non_Vegetarian,wednesday;sunday,onion;tomato;potato;beans;drumstick;chilli,banana;apple;orange;papaya;watermelon;pomegranate;guava,rice;ragi;wheat,sona masuri;red rice/rajamudi;idli/dosa rice,milk;curd,0.5,6.0,3.0,local kirana stores,weekly twice,Biweekly,,,,,,,,,,,,,,,,,,,,,,,,,,,,,,,,,,,,,,,,,,,,,,,,,,,,,,,,,,,,,,,,,,,,,,,,,,,,,,,,,,,
168,ananda rao p,9591700848,nagarbhavi,5,Non_Vegetarian,wednesday;sunday,onion;tomato;carrot;potato;drumstick;chilli,banana;apple;orange;papaya;pomegranate;guava,rice;ragi;wheat,sona masuri,milk;curd,0.5,3.0,3.0,local kirana stores,weekly twice,Biweekly,,,,,,,,,,,,,,,,,,,,,,,,,,,,,,,,,,,,,,,,,,,,,,,,,,,,,,,,,,,,,,,,,,,,,,,,,,,,,,,,,,,
12,nanditha,8310311281,vijayanagar,3,Pescatarian,tuesday;wednesday;friday;sunday,onion;tomato;potato;brinjal;okra;chilli,apple;orange;grapes;watermelon;pomegranate,rice;wheat;maize,white rice;sona masuri;basmati;idli/dosa rice,milk;curd;panner;buttermilk;ice cream,0.5,10.0,1.0,dmart,weekly twice,Biweekly,,,,,,,,,,,,,,,,,,,,,,,,,,,,,,,,,,,,,,,,,,,,,,,,,,,,,,,,,,,,,,,,,,,,,,,,,,,,,,,,,,,
#305,nikhil rao,9916462248,nagarbhavi,5,Non_Vegetarian,wednesday;friday;sunday,onion;tomato;carrot;potato;brinjal;beans,banana;papaya;grapes;pomegranate;guava,rice;jowar;ragi;wheat,white rice,milk;curd;panner;buttermilk,0.5,3.0,5.0,local kirana stores,weekly twice,Biweekly,,,,,,,,,,,,,,,,,,,,,,,,,,,,,,,,,,,,,,,,,,,,,,,,,,,,,,,,,,,,,,,,,,,,,,,,,,,,,,,,,,,
617,sindhu,8310204488,r t nagar,3,Non_Vegetarian,wednesday;sunday,onion;tomato;potato;beans;drumstick;chilli,banana;apple;orange;papaya;guava,rice;jowar;millets;wheat;maize;barley,sona masuri;jeerige sanna;idli/dosa rice;brown rice,milk;curd;panner,0.5,3.0,1.0,dmart,weekly once,weekly once,,,,,,,,,,,,,,,,,,,,,,,,,,,,,,,,,,,,,,,,,,,,,,,,,,,,,,,,,,,,,,,,,,,,,,,,,,,,,,,,,,,
13,gautham kashivishwanath,9986076471,vasanthnagar,5,Non_Vegetarian,sunday,onion;tomato;carrot;potato;cauliflower;okra;drumstick,banana;apple;papaya;watermelon;pomegranate;guava,rice;ragi;wheat;barley,white rice,milk;curd;panner;ice cream,0.5,10.0,7.0,amazon fresh;amazon now,Once in two days,Biweekly,,,,,,,,,,,,,,,,,,,,,,,,,,,,,,,,,,,,,,,,,,,,,,,,,,,,,,,,,,,,,,,,,,,,,,,,,,,,,,,,,,,
No 345 2nd Floor ,ramesh babu n,9901482039,anand nagar hebbal post,3,Non_Vegetarian,wednesday;sunday,onion;tomato;carrot;potato;beans;chilli,banana;apple;orange;papaya;pomegranate,rice;ragi;wheat,sona masuri,milk;curd,0.5,6.0,1.0,zepto,weekly once,Biweekly,,,,,,,,,,,,,,,,,,,,,,,,,,,,,,,,,,,,,,,,,,,,,,,,,,,,,,,,,,,,,,,,,,,,,,,,,,,,,,,,,,,
305,chandrakant rao gl,8095624475,nagarbhavi,5,Non_Vegetarian,wednesday;sunday,onion;tomato;carrot;potato;brinjal;beans;cauliflower;cabbage;okra;drumstick;chilli,banana;orange;papaya;watermelon;mangos during season,rice;ragi;wheat,sona masuri;idli/dosa rice,milk;curd;panner,0.5,6.0,7.0,local kirana stores,weekly twice,Monthly,,,,,,,,,,,,,,,,,,,,,,,,,,,,,,,,,,,,,,,,,,,,,,,,,,,,,,,,,,,,,,,,,,,,,,,,,,,,,,,,,,,
15,anika pratish,9606277889,singasandra,6,Non_Vegetarian,wednesday;friday;sunday,onion;tomato;potato;beans;drumstick;chilli,banana;apple;orange;pomegranate;guava,rice;millets;ragi;wheat;barley;sorghum,white rice;basmati;brown rice,milk;curd;panner;buttermilk;ice cream,0.5,6.0,1.0,zepto,weekly once,Monthly,,,,,,,,,,,,,,,,,,,,,,,,,,,,,,,,,,,,,,,,,,,,,,,,,,,,,,,,,,,,,,,,,,,,,,,,,,,,,,,,,,,
35,mohammed raonar,8431091726,rajajinagar,5,Non_Vegetarian,monday;tuesday;wednesday;thursday;friday;saturday;sunday,onion;tomato;carrot;potato;chilli,apple;orange;papaya;grapes;watermelon;pomegranate,wheat,white rice;jeerige sanna;basmati,milk;curd;panner;buttermilk;ice cream,0.5,6.0,7.0,amazon fresh;amazon now,weekly once,weekly once,,,,,,,,,,,,,,,,,,,,,,,,,,,,,,,,,,,,,,,,,,,,,,,,,,,,,,,,,,,,,,,,,,,,,,,,,,,,,,,,,,,
423,dhanushree s,9844555588,vijayanagar,5,Vegetarian,tuesday;wednesday;sunday,onion;tomato;carrot;potato;brinjal;beans;chilli,banana;apple;orange;papaya;grapes;watermelon;pomegranate;guava,rice;millets;ragi;wheat,white rice,milk;curd;buttermilk,0.5,6.0,1.0,local kirana stores,weekly once,Monthly,,,,,,,,,,,,,,,,,,,,,,,,,,,,,,,,,,,,,,,,,,,,,,,,,,,,,,,,,,,,,,,,,,,,,,,,,,,,,,,,,,,
31,priya,9986646169,andrahalli,4,Pescatarian,,onion;tomato;carrot;potato;beans;drumstick,banana;apple;orange;grapes;strawberry,rice;millets;ragi;barley,white rice;red rice/rajamudi,milk;curd,0.5,3.0,1.0,reliance fresh,weekly once,Biweekly,,,,,,,,,,,,,,,,,,,,,,,,,,,,,,,,,,,,,,,,,,,,,,,,,,,,,,,,,,,,,,,,,,,,,,,,,,,,,,,,,,,
3-121,abhirama mb,7483974304,sarjapur road,3,Vegetarian,not_applicable,onion;tomato;potato,banana;apple,rice,white rice;red rice/rajamudi,milk;curd;panner;buttermilk;ice cream,1.0,18.0,1.0,zepto,weekly twice,weekly once,,,,,,,,,,,,,,,,,,,,,,,,,,,,,,,,,,,,,,,,,,,,,,,,,,,,,,,,,,,,,,,,,,,,,,,,,,,,,,,,,,,
499,asha,9901062450,srinagar,2,Eggetarian,wednesday;friday;sunday,onion;tomato;carrot;potato;cauliflower;cabbage;chilli,banana;apple;orange;grapes;pomegranate,rice;jowar;millets;ragi;wheat,white rice;red rice/rajamudi;basmati;idli/dosa rice;brown rice,milk;curd;panner,0.5,6.0,3.0,dmart,Biweekly,Biweekly,,,,,,,,,,,,,,,,,,,,,,,,,,,,,,,,,,,,,,,,,,,,,,,,,,,,,,,,,,,,,,,,,,,,,,,,,,,,,,,,,,,
19,harshitha,9972574019,tavarekere,6,Vegetarian,not_applicable,onion;tomato;carrot;potato;beans;cauliflower;cabbage;chilli,banana;apple;orange;papaya;grapes;watermelon;pomegranate,rice;jowar;millets;ragi;wheat;maize;barley,sona masuri;brown rice,milk;curd;panner;buttermilk;ice cream,0.5,18.0,3.0,dmart,weekly twice,Monthly,,,,,,,,,,,,,,,,,,,,,,,,,,,,,,,,,,,,,,,,,,,,,,,,,,,,,,,,,,,,,,,,,,,,,,,,,,,,,,,,,,,
#75,prithvi nath.a,7829021050,sunkadkatte,5,Non_Vegetarian,sunday,onion;tomato;carrot;potato;beans;chilli,banana;apple;papaya;grapes;pomegranate,rice;ragi;wheat,white rice;idli/dosa rice,milk;curd;panner,0.5,10.0,5.0,dmart,weekly twice,Biweekly,,,,,,,,,,,,,,,,,,,,,,,,,,,,,,,,,,,,,,,,,,,,,,,,,,,,,,,,,,,,,,,,,,,,,,,,,,,,,,,,,,,
No 112,parineeth,7975626545,sahakarnagar,6,jain,,tomato;carrot;potato;beans;cauliflower;chilli,banana;apple;orange;papaya;grapes;watermelon;pomegranate;guava,rice;maize,sona masuri,milk;curd;panner;buttermilk;ice cream,0.5,14.0,3.0,local kirana stores,weekly twice,Monthly,,,,,,,,,,,,,,,,,,,,,,,,,,,,,,,,,,,,,,,,,,,,,,,,,,,,,,,,,,,,,,,,,,,,,,,,,,,,,,,,,,,
15,,997205,rajajinagar,4,Non_Vegetarian,tuesday;wednesday;thursday;friday;saturday,onion;tomato;carrot;potato;brinjal;beans;cauliflower;cabbage;okra;drumstick;chilli,banana;apple;orange;papaya;grapes;watermelon;pomegranate;guava,rice;ragi;wheat,white rice;sona masuri;basmati;idli/dosa rice,milk;curd;panner;buttermilk;ice cream,0.5,18.0,3.0,dmart,weekly twice,weekly once,,,,,,,,,,,,,,,,,,,,,,,,,,,,,,,,,,,,,,,,,,,,,,,,,,,,,,,,,,,,,,,,,,,,,,,,,,,,,,,,,,,
685,asangla lee,8736508165,vijayanagar,6,Non_Vegetarian,monday;tuesday;wednesday;thursday;friday;saturday;sunday,onion;tomato;potato;beans;cabbage;okra;drumstick,apple;orange;grapes;pomegranate;guava,millets;wheat;maize;barley;sorghum,madhusanna;basmati;idli/dosa rice;brown rice,milk;curd;panner;buttermilk,0.5,10.0,1.0,local kirana stores,weekly twice,Biweekly,,,,,,,,,,,,,,,,,,,,,,,,,,,,,,,,,,,,,,,,,,,,,,,,,,,,,,,,,,,,,,,,,,,,,,,,,,,,,,,,,,,
500,niharikia,9900062450,rajajinagar,3,Pescatarian,,onion;carrot;potato;brinjal;beans;cauliflower;drumstick,apple;orange;papaya;watermelon;guava,rice;millets;ragi;maize;sorghum,sona masuri;jeerige sanna;red rice/rajamudi;basmati;brown rice,panner,1.0,10.0,1.0,metro,weekly twice,Monthly,,,,,,,,,,,,,,,,,,,,,,,,,,,,,,,,,,,,,,,,,,,,,,,,,,,,,,,,,,,,,,,,,,,,,,,,,,,,,,,,,,,
H 251,rajini,9663527912,kaglipura,6,Non_Vegetarian,wednesday;friday;sunday,onion;tomato;carrot;potato;brinjal;beans;okra;drumstick;chilli,banana;apple;orange;pomegranate;guava,rice;jowar;millets;ragi;wheat,white rice;jeerige sanna;red rice/rajamudi;idli/dosa rice,milk;curd;panner,0.5,6.0,5.0,dmart,weekly once,Monthly,,,,,,,,,,,,,,,,,,,,,,,,,,,,,,,,,,,,,,,,,,,,,,,,,,,,,,,,,,,,,,,,,,,,,,,,,,,,,,,,,,,
628,anna,9764589202,sarjapur road,1,Vegan,,beans;cauliflower;cabbage;okra,banana;apple;orange;papaya;grapes;watermelon;pomegranate;guava,rice;jowar;millets;ragi;maize;barley;sorghum,madhusanna;red rice/rajamudi;idli/dosa rice;brown rice;black rice,ice cream,2.0,14.0,3.0,bigbasket,weekly once,weekly once,,,,,,,,,,,,,,,,,,,,,,,,,,,,,,,,,,,,,,,,,,,,,,,,,,,,,,,,,,,,,,,,,,,,,,,,,,,,,,,,,,,
177,deepthi n reddy,9741705375,electronic city,3,Non_Vegetarian,tuesday;wednesday;thursday;friday;sunday,onion;tomato;carrot;potato;beans;drumstick;chilli,banana;apple;orange;papaya,rice;ragi;wheat,white rice,milk;curd,0.5,6.0,1.0,local kirana stores,weekly twice,Biweekly,,,,,,,,,,,,,,,,,,,,,,,,,,,,,,,,,,,,,,,,,,,,,,,,,,,,,,,,,,,,,,,,,,,,,,,,,,,,,,,,,,,
111,shanti,9845519390,andrahalli,1,jain,,okra;drumstick;chilli,banana;apple;pomegranate;guava,rice;jowar,white rice;sona masuri;basmati,milk;ice cream,0.5,6.0,1.0,swiggy instamart,Biweekly,Monthly,,,,,,,,,,,,,,,,,,,,,,,,,,,,,,,,,,,,,,,,,,,,,,,,,,,,,,,,,,,,,,,,,,,,,,,,,,,,,,,,,,,
12,shivani,9845537359,nagarbhavi,5,Vegetarian,not_applicable,onion;tomato;potato;beans;cauliflower;drumstick;chilli,banana;apple;watermelon;pomegranate;guava,rice;jowar;millets;ragi;wheat,white rice;sona masuri;madhusanna;brown rice;black rice,milk,0.5,6.0,1.0,bigbasket,weekly once,Biweekly,,,,,,,,,,,,,,,,,,,,,,,,,,,,,,,,,,,,,,,,,,,,,,,,,,,,,,,,,,,,,,,,,,,,,,,,,,,,,,,,,,,
112,retikka,8105881946,chandhapura,3,Vegetarian,not_applicable,onion;tomato;carrot;okra;drumstick;chilli;cucumber,banana;orange;watermelon;pomegranate;guava,rice;millets;ragi;wheat,white rice;idli/dosa rice,milk;curd;panner;buttermilk;ice cream,0.5,3.0,3.0,local kirana stores,weekly twice,Biweekly,,,,,,,,,,,,,,,,,,,,,,,,,,,,,,,,,,,,,,,,,,,,,,,,,,,,,,,,,,,,,,,,,,,,,,,,,,,,,,,,,,,
11,ravi,9741356785,j p nagar,6,Vegan,,tomato;carrot;potato;beans;okra;drumstick,banana;apple;grapes;watermelon;pomegranate;plum;lychee;jammun,rice;ragi;maize,white rice,milk;curd;panner,1.0,18.0,5.0,reliance fresh,weekly twice,Biweekly,,,,,,,,,,,,,,,,,,,,,,,,,,,,,,,,,,,,,,,,,,,,,,,,,,,,,,,,,,,,,,,,,,,,,,,,,,,,,,,,,,,
105,nikita kore,+91 98453 93511,kengeri,6,Non_Vegetarian,monday;tuesday;wednesday;thursday;friday;saturday;sunday,brinjal;chilli,banana;orange,maize,black rice,ice cream,0.5,22.0,7.0,from our coffee estate,Once in two days,Monthly,,,,,,,,,,,,,,,,,,,,,,,,,,,,,,,,,,,,,,,,,,,,,,,,,,,,,,,,,,,,,,,,,,,,,,,,,,,,,,,,,,,
28,harish,8310322345,jayanagar,1,Eggetarian,not_applicable,"beans;cauliflower;okra;drumstick;bottle gourd,",banana;grapes;mango;kiwi,rice;wheat,white rice;basmati,milk;panner,0.5,3.0,1.0,zepto,weekly once,Monthly,,,,,,,,,,,,,,,,,,,,,,,,,,,,,,,,,,,,,,,,,,,,,,,,,,,,,,,,,,,,,,,,,,,,,,,,,,,,,,,,,,,
5,pawan,9738497905,batrayanpura,4,Vegetarian,not_applicable,onion;tomato;carrot;potato;beans;chilli,banana;apple;orange;watermelon;guava,rice,basmati,milk,1.0,18.0,5.0,local kirana stores,weekly once,weekly once,,,,,,,,,,,,,,,,,,,,,,,,,,,,,,,,,,,,,,,,,,,,,,,,,,,,,,,,,,,,,,,,,,,,,,,,,,,,,,,,,,,
54,monica,9480259564,r r nagar,1,Vegetarian,not_applicable,onion;tomato;carrot;potato;beans;cauliflower,banana;apple;papaya;pomegranate;guava,rice;ragi;wheat,sona masuri;,milk;curd,0.5,3.0,1.0,local kirana stores,weekly once,Monthly,,,,,,,,,,,,,,,,,,,,,,,,,,,,,,,,,,,,,,,,,,,,,,,,,,,,,,,,,,,,,,,,,,,,,,,,,,,,,,,,,,,
19,nanditha,9844953357,vijayanagar,4,Pescatarian,monday;tuesday;wednesday;thursday;friday;saturday;sunday,onion;tomato;carrot;potato;brinjal;beans;cauliflower;cabbage;okra;drumstick;chilli;,banana;apple;orange;papaya;grapes;watermelon;pomegranate;guava,rice;jowar;millets;ragi;wheat;maize;barley;sorghum;,white rice;sona masuri;madhusanna;jeerige sanna;red rice/rajamudi;basmati;idli/dosa rice;brown rice;black rice;,milk;curd;panner;buttermilk;ice cream,0.5,18.0,5.0,k r market,weekly twice,Monthly,,,,,,,,,,,,,,,,,,,,,,,,,,,,,,,,,,,,,,,,,,,,,,,,,,,,,,,,,,,,,,,,,,,,,,,,,,,,,,,,,,,
566,vtgh,5643277965,sarjapur road,3,Eggetarian,wednesday,carrot;beans;okra,apple;orange;watermelon,millets;ragi;maize;sorghum,madhusanna;red rice/rajamudi;idli/dosa rice;black rice,milk;curd;buttermilk,0.5,10.0,3.0,dmart,weekly twice,Biweekly,,,,,,,,,,,,,,,,,,,,,,,,,,,,,,,,,,,,,,,,,,,,,,,,,,,,,,,,,,,,,,,,,,,,,,,,,,,,,,,,,,,
9,parinth,9845472293,vijayanagar,6,Non_Vegetarian,sunday,carrot;potato,banana,rice;wheat,white rice;sona masuri;basmati,milk;curd;panner;buttermilk;ice cream,0.5,18.0,5.0,dmart,weekly twice,Monthly,,,,,,,,,,,,,,,,,,,,,,,,,,,,,,,,,,,,,,,,,,,,,,,,,,,,,,,,,,,,,,,,,,,,,,,,,,,,,,,,,,,
20,usha ramaswamy,98450 40100,vijayanagar,4,Vegetarian,not_applicable,onion;tomato;carrot;potato;brinjal;beans;cabbage;okra;drumstick;chilli;greens,banana;apple;papaya;guava;blue berry,rice;jowar;millets;ragi;wheat;barley,sona masuri;idli/dosa rice,milk;curd;panner,0.5,14.0,7.0,dmart,weekly once,Monthly,,,,,,,,,,,,,,,,,,,,,,,,,,,,,,,,,,,,,,,,,,,,,,,,,,,,,,,,,,,,,,,,,,,,,,,,,,,,,,,,,,,
201,p pratap reddy,9845532071,doddakallasandra,4,Non_Vegetarian,sunday,onion;tomato;carrot;beans;cauliflower;chilli;,banana;orange;papaya;grapes;pomegranate,rice;ragi;wheat,sona masuri,milk;curd;panner,0.5,10.0,1.0,metro,Biweekly,Biweekly,,,,,,,,,,,,,,,,,,,,,,,,,,,,,,,,,,,,,,,,,,,,,,,,,,,,,,,,,,,,,,,,,,,,,,,,,,,,,,,,,,,
68,mangala shetty,9739466393,nagadevanahalli,4,Non_Vegetarian,tuesday;wednesday;friday;sunday,onion;tomato;carrot;potato;brinjal;beans;cauliflower;cabbage;drumstick;chilli;,banana;apple;orange;papaya;grapes;watermelon;guava,rice;millets;ragi;wheat;barley;sorghum,white rice;brown rice,milk;curd;ice cream,0.5,6.0,1.0,all of this,weekly twice,Monthly,,,,,,,,,,,,,,,,,,,,,,,,,,,,,,,,,,,,,,,,,,,,,,,,,,,,,,,,,,,,,,,,,,,,,,,,,,,,,,,,,,,
No7,devanand,9448385613,vijayanagar,5,Vegetarian,not_applicable,onion;tomato;carrot;potato;brinjal;beans;cauliflower;cabbage;okra;drumstick;chilli,banana;apple;papaya;guava,rice;ragi;wheat,sona masuri;jeerige sanna;basmati;idli/dosa rice,milk;curd;panner;buttermilk,0.5,14.0,1.0,metro,weekly twice,Biweekly,,,,,,,,,,,,,,,,,,,,,,,,,,,,,,,,,,,,,,,,,,,,,,,,,,,,,,,,,,,,,,,,,,,,,,,,,,,,,,,,,,,
8,ashwik,7019225699,vijayanagar,4,Vegetarian,not_applicable,onion;tomato;carrot;potato;brinjal;beans;cauliflower;cabbage;okra;drumstick;chilli;,banana;apple;orange;papaya;grapes;watermelon;pomegranate;guava,rice,white rice,milk,0.5,10.0,7.0,local kirana stores,weekly twice,Monthly,,,,,,,,,,,,,,,,,,,,,,,,,,,,,,,,,,,,,,,,,,,,,,,,,,,,,,,,,,,,,,,,,,,,,,,,,,,,,,,,,,,
201,ruchira,6363618571,doddakallasandra,3,Non_Vegetarian,wednesday;friday;saturday;sunday,onion;tomato;carrot;chilli,banana;apple;orange;pomegranate,rice;ragi;wheat,white rice,milk;curd,2.0,6.0,3.0,metro,Biweekly,Biweekly,,,,,,,,,,,,,,,,,,,,,,,,,,,,,,,,,,,,,,,,,,,,,,,,,,,,,,,,,,,,,,,,,,,,,,,,,,,,,,,,,,,
#17,b.chethana,6364309349,vijayanagar,4,Vegetarian,not_applicable,onion;tomato;carrot;potato;beans;cauliflower,banana;apple;papaya;grapes;guava,rice;ragi;maize,white rice;jeerige sanna;idli/dosa rice,milk;curd;panner;buttermilk,0.5,10.0,3.0,metro,weekly twice,Monthly,,,,,,,,,,,,,,,,,,,,,,,,,,,,,,,,,,,,,,,,,,,,,,,,,,,,,,,,,,,,,,,,,,,,,,,,,,,,,,,,,,,
#101A,prajwal,7411048872,rajajinagar,5,Non_Vegetarian,monday;tuesday;wednesday;thursday;friday;saturday;sunday,onion;tomato;carrot;potato;cabbage;chilli,banana;apple;orange;watermelon,rice;millets;ragi;barley,white rice;sona masuri;basmati,milk;curd;panner,1.0,22.0,5.0,k r market,weekly twice,Monthly,,,,,,,,,,,,,,,,,,,,,,,,,,,,,,,,,,,,,,,,,,,,,,,,,,,,,,,,,,,,,,,,,,,,,,,,,,,,,,,,,,,
#43,pranav srikanth,+91 63609 48468,banashankari,3,Vegetarian,not_applicable,onion;tomato;carrot;potato;brinjal;drumstick,banana;orange;grapes;watermelon;pomegranate,rice;millets;ragi;wheat;barley,white rice;red rice/rajamudi;idli/dosa rice;brown rice,milk;curd;panner,0.5,10.0,3.0,local kirana stores,weekly twice,Biweekly,,,,,,,,,,,,,,,,,,,,,,,,,,,,,,,,,,,,,,,,,,,,,,,,,,,,,,,,,,,,,,,,,,,,,,,,,,,,,,,,,,,
#87,poorvitha srinivas,+91 72045 57098,jp nagar,4,Non_Vegetarian,wednesday;sunday,onion;tomato;potato;brinjal;drumstick;chilli,orange;papaya;grapes;watermelon;pomegranate,rice;ragi;wheat;barley,white rice;idli/dosa rice,milk;curd;panner,0.5,10.0,5.0,metro,weekly twice,Monthly,,,,,,,,,,,,,,,,,,,,,,,,,,,,,,,,,,,,,,,,,,,,,,,,,,,,,,,,,,,,,,,,,,,,,,,,,,,,,,,,,,,
6,puneeth,9972577559,vijayanagar,6,Vegetarian,not_applicable,tomato;carrot;potato;beans;drumstick;chilli,banana;orange;grapes;watermelon;pomegranate,rice;millets;maize,sona masuri,milk;curd;panner;buttermilk,0.5,18.0,5.0,k r market,weekly twice,Monthly,,,,,,,,,,,,,,,,,,,,,,,,,,,,,,,,,,,,,,,,,,,,,,,,,,,,,,,,,,,,,,,,,,,,,,,,,,,,,,,,,,,
No. 30,ranjini,9480770495,vijayanagar,3,Vegetarian,not_applicable,onion;tomato;carrot;beans;cauliflower;chilli,banana;apple;papaya;watermelon;pomegranate,rice;millets;ragi;wheat,sona masuri,milk,2.0,14.0,7.0,dmart,weekly twice,weekly once,,,,,,,,,,,,,,,,,,,,,,,,,,,,,,,,,,,,,,,,,,,,,,,,,,,,,,,,,,,,,,,,,,,,,,,,,,,,,,,,,,,
13,ashwini bai,8050733740,vasanthanagar,5,Non_Vegetarian,wednesday;friday;sunday,onion;tomato;carrot;potato;drumstick;chilli;peas,banana;apple;papaya;grapes;pomegranate,rice;millets;ragi;wheat;maize,white rice;jeerige sanna;basmati;idli/dosa rice,milk;curd;panner;buttermilk;ice cream,0.5,10.0,7.0,local kirana stores,weekly twice,Biweekly,,,,,,,,,,,,,,,,,,,,,,,,,,,,,,,,,,,,,,,,,,,,,,,,,,,,,,,,,,,,,,,,,,,,,,,,,,,,,,,,,,,
8,shwetha,8147503624,vijayanagar,6,Non_Vegetarian,wednesday;sunday,onion;tomato;carrot;potato;cauliflower;cabbage;drumstick,banana;apple;orange;guava,rice;ragi;maize,white rice,milk;curd,0.5,6.0,5.0,zepto,weekly once,Monthly,,,,,,,,,,,,,,,,,,,,,,,,,,,,,,,,,,,,,,,,,,,,,,,,,,,,,,,,,,,,,,,,,,,,,,,,,,,,,,,,,,,
12,sosuke aizen,9738786321,padrayanapura,5,Non_Vegetarian,monday;tuesday;wednesday;thursday;friday;saturday;sunday,onion;tomato;carrot;potato;beans;chilli;,apple;orange;papaya;watermelon,rice;ragi;wheat;barley,white rice;basmati;brown rice,milk;curd;panner;buttermilk;ice cream,0.5,10.0,5.0,zepto,weekly twice,Biweekly,,,,,,,,,,,,,,,,,,,,,,,,,,,,,,,,,,,,,,,,,,,,,,,,,,,,,,,,,,,,,,,,,,,,,,,,,,,,,,,,,,,
A block 209,rekha h pednekar,9945184656,kengeri,3,Non_Vegetarian,wednesday;friday;sunday,onion;tomato;carrot;potato;beans;chilli,banana;orange;watermelon;guava,rice;ragi;wheat,bullet rice,milk;curd;panner;buttermilk;ice cream,0.5,6.0,1.0,local kirana stores,weekly twice,Monthly,,,,,,,,,,,,,,,,,,,,,,,,,,,,,,,,,,,,,,,,,,,,,,,,,,,,,,,,,,,,,,,,,,,,,,,,,,,,,,,,,,,
202,sanju j,9632770844,haralur,6,Non_Vegetarian,monday;tuesday;wednesday;thursday;friday;saturday;sunday,onion;tomato;carrot;potato,banana,rice;ragi;wheat,white rice,milk;curd;panner;ice cream,1.0,22.0,7.0,general stores,Daily,Monthly,,,,,,,,,,,,,,,,,,,,,,,,,,,,,,,,,,,,,,,,,,,,,,,,,,,,,,,,,,,,,,,,,,,,,,,,,,,,,,,,,,,
H251,yashodha,9620421518,kaggalipura,6,Vegetarian,sunday,onion;tomato;carrot;beans;drumstick;chilli,banana;apple;orange;grapes;watermelon;guava,rice;ragi;wheat;maize;barley,white rice,milk;curd,0.5,14.0,5.0,dmart,weekly twice,Monthly,,,,,,,,,,,,,,,,,,,,,,,,,,,,,,,,,,,,,,,,,,,,,,,,,,,,,,,,,,,,,,,,,,,,,,,,,,,,,,,,,,,
1433,,6362762062,doddakallasandra,3,Vegetarian,not_applicable,onion;tomato;carrot;potato;cabbage;okra,banana;watermelon;pomegranate,rice;ragi;wheat,white rice;red rice/rajamudi,milk;curd;ice cream,0.5,10.0,3.0,local kirana stores,weekly once,weekly once,,,,,,,,,,,,,,,,,,,,,,,,,,,,,,,,,,,,,,,,,,,,,,,,,,,,,,,,,,,,,,,,,,,,,,,,,,,,,,,,,,,
#3,-,-,arehalli,4,Vegetarian,not_applicable,onion;tomato;carrot;potato;beans;okra,banana;apple;orange;pomegranate;guava,rice;millets;ragi;wheat,sona masuri;red rice/rajamudi;idli/dosa rice,milk;curd;panner;buttermilk,0.5,10.0,5.0,reliance fresh,weekly twice,Monthly,,,,,,,,,,,,,,,,,,,,,,,,,,,,,,,,,,,,,,,,,,,,,,,,,,,,,,,,,,,,,,,,,,,,,,,,,,,,,,,,,,,
308 A block,surekha,9940348948,kengeri,3,Non_Vegetarian,tuesday;wednesday;thursday;friday;saturday;sunday,onion;tomato;carrot;potato;brinjal;beans;okra;chilli,banana;papaya;grapes;watermelon;guava,rice;wheat,sona masuri,milk;curd;panner;buttermilk,2.0,6.0,3.0,lulu daily,weekly once,weekly once,,,,,,,,,,,,,,,,,,,,,,,,,,,,,,,,,,,,,,,,,,,,,,,,,,,,,,,,,,,,,,,,,,,,,,,,,,,,,,,,,,,
111,deepika rajkumar,7204069829,jp nagar,4,Non_Vegetarian,wednesday;saturday;sunday,onion;tomato;carrot;potato;brinjal;beans;cauliflower;cabbage;drumstick;chilli,banana;apple;orange;papaya;grapes;watermelon;pomegranate;guava,rice;ragi;wheat;maize;barley,white rice,milk;curd;buttermilk;ice cream,2.0,22.0,1.0,metro,weekly twice,Monthly,,,,,,,,,,,,,,,,,,,,,,,,,,,,,,,,,,,,,,,,,,,,,,,,,,,,,,,,,,,,,,,,,,,,,,,,,,,,,,,,,,,
28,shreya,9745550275,andrahalli,2,Non_Vegetarian,wednesday;friday;sunday,onion;tomato;carrot;potato;okra,banana;apple;watermelon;mango,rice;ragi;wheat,white rice;basmati;idli/dosa rice,curd;panner;buttermilk;ice cream,0.5,3.0,1.0,lulu daily,weekly once,Monthly,,,,,,,,,,,,,,,,,,,,,,,,,,,,,,,,,,,,,,,,,,,,,,,,,,,,,,,,,,,,,,,,,,,,,,,,,,,,,,,,,,,
13-Jan,ashwini bai,8050733740,vasanthnagar,5,Non_Vegetarian,wednesday;sunday,onion;tomato;potato;beans;drumstick,banana;apple;papaya;watermelon;pomegranate,rice;ragi;wheat,white rice,milk;curd,0.5,10.0,1.0,flipkart minutes,weekly twice,Biweekly,,,,,,,,,,,,,,,,,,,,,,,,,,,,,,,,,,,,,,,,,,,,,,,,,,,,,,,,,,,,,,,,,,,,,,,,,,,,,,,,,,,
13,vimala bai,9342717795,vasanthnagar,5,Non_Vegetarian,sunday,tomato;potato,orange;grapes;watermelon,rice,white rice,milk;curd;ice cream,0.5,10.0,1.0,local kirana stores,weekly twice,Biweekly,,,,,,,,,,,,,,,,,,,,,,,,,,,,,,,,,,,,,,,,,,,,,,,,,,,,,,,,,,,,,,,,,,,,,,,,,,,,,,,,,,,
106,gokul prakash t,9731397000,g m palya,3,Non_Vegetarian,monday;tuesday;wednesday;thursday;sunday,onion;tomato;carrot;potato;brinjal;chilli,banana;apple;orange;papaya;pomegranate,rice;millets;ragi;wheat;maize,white rice;sona masuri;red rice/rajamudi;idli/dosa rice;brown rice,milk;curd;buttermilk,0.5,6.0,1.0,bigbasket,weekly twice,Monthly,,,,,,,,,,,,,,,,,,,,,,,,,,,,,,,,,,,,,,,,,,,,,,,,,,,,,,,,,,,,,,,,,,,,,,,,,,,,,,,,,,,
108,shruthi,9916818600,isro layout,3,Non_Vegetarian,wednesday;friday;sunday,onion;tomato;carrot;potato;beans;cauliflower;cabbage;okra;drumstick,banana;apple;papaya;pomegranate;guava,rice;jowar;millets;ragi;wheat;barley,white rice;sona masuri;idli/dosa rice,milk;curd;panner;buttermilk;ice cream,0.5,6.0,1.0,flipkart minutes,weekly once,weekly once,,,,,,,,,,,,,,,,,,,,,,,,,,,,,,,,,,,,,,,,,,,,,,,,,,,,,,,,,,,,,,,,,,,,,,,,,,,,,,,,,,,
402,riya,7411736503,nayandhalli,4,Non_Vegetarian,tuesday;wednesday;friday;sunday,onion;tomato;potato;brinjal,apple;grapes;guava;plum mango,rice;wheat;barley,sona masuri;jeerige sanna;idli/dosa rice,curd;panner,1.5,6.0,1.0,blinkit,weekly once,Biweekly,,,,,,,,,,,,,,,,,,,,,,,,,,,,,,,,,,,,,,,,,,,,,,,,,,,,,,,,,,,,,,,,,,,,,,,,,,,,,,,,,,,
385,ramesh,9.1804E+11,basaweshwarnagar,4,Vegetarian,not_applicable,onion;tomato;carrot;potato;brinjal;beans;chilli,banana;orange;papaya;grapes;watermelon;pomegranate,rice;millets;ragi;wheat,white rice;basmati,milk;curd;panner;buttermilk;ice cream,4.0,10.0,1.0,local kirana stores,weekly once,Biweekly,,,,,,,,,,,,,,,,,,,,,,,,,,,,,,,,,,,,,,,,,,,,,,,,,,,,,,,,,,,,,,,,,,,,,,,,,,,,,,,,,,,
89,vibha,9481636174,rajarajeshwari nagar,6,Non_Vegetarian,wednesday;sunday,onion;tomato;potato;cauliflower;okra;drumstick;chilli,apple;orange;watermelon;pomegranate;guava;muskmelon;mango,rice;millets;wheat,white rice;jeerige sanna;basmati;idli/dosa rice,milk;panner;ice cream,3.0,18.0,5.0,local kirana stores,weekly twice,Biweekly,,,,,,,,,,,,,,,,,,,,,,,,,,,,,,,,,,,,,,,,,,,,,,,,,,,,,,,,,,,,,,,,,,,,,,,,,,,,,,,,,,,
198,geetha,9480259343,rajajinagar,1,Non_Vegetarian,tuesday;wednesday;thursday;friday;sunday,onion;tomato;carrot;potato;brinjal;beans;cabbage;chilli,banana;apple;orange;papaya;grapes;pomegranate,rice;wheat,sona masuri,milk;curd;panner;buttermilk,2.0,6.0,5.0,reliance fresh;local kirana stores,weekly once,Monthly,,,,,,,,,,,,,,,,,,,,,,,,,,,,,,,,,,,,,,,,,,,,,,,,,,,,,,,,,,,,,,,,,,,,,,,,,,,,,,,,,,,
10,hemanth,7259585959,vijayanagar,4,Non_Vegetarian,wednesday;friday;sunday,onion;tomato;carrot;potato;beans;cabbage,banana;orange;papaya;grapes;guava,rice;ragi;wheat,white rice;sona masuri;basmati;idli/dosa rice,milk;curd;panner;buttermilk;ice cream,5.0,14.0,5.0,dmart;reliance fresh;local kirana stores,weekly twice,Monthly,,,,,,,,,,,,,,,,,,,,,,,,,,,,,,,,,,,,,,,,,,,,,,,,,,,,,,,,,,,,,,,,,,,,,,,,,,,,,,,,,,,
68,tamana,2340887657,chandra layout,6,jain,,tomato;beans;okra;peas,pomegranate;guava;mango,rice;millets;ragi;wheat,white rice;basmati;idli/dosa rice,milk;ice cream,2.0,22.0,5.0,blinkit;dmart ready;k r market;local kirana stores,weekly twice,Biweekly,,,,,,,,,,,,,,,,,,,,,,,,,,,,,,,,,,,,,,,,,,,,,,,,,,,,,,,,,,,,,,,,,,,,,,,,,,,,,,,,,,,
32,sanjana k,7975826787,konanakunte cross,4,Eggetarian,not_applicable,onion;tomato;carrot;beans;chilli,banana;apple;pomegranate,rice;ragi;wheat,white rice;red rice/rajamudi;basmati;idli/dosa rice,milk;curd;panner;buttermilk;ice cream,0.5,10.0,5.0,jio mart;reliance fresh;local kirana stores,weekly once,Monthly,,,,,,,,,,,,,,,,,,,,,,,,,,,,,,,,,,,,,,,,,,,,,,,,,,,,,,,,,,,,,,,,,,,,,,,,,,,,,,,,,,,
9,reema,9845536890,sarjapur road,5,Vegetarian,not_applicable,onion;tomato;potato;brinjal;cauliflower;cabbage,banana;orange;watermelon;pomegranate;guava,rice;ragi;wheat,red rice/rajamudi;idli/dosa rice;brown rice,milk;panner;buttermilk,1.0,14.0,3.0,dmart;lulu daily;swiggy instamart,weekly once,Monthly,,,,,,,,,,,,,,,,,,,,,,,,,,,,,,,,,,,,,,,,,,,,,,,,,,,,,,,,,,,,,,,,,,,,,,,,,,,,,,,,,,,
198,ramesh,9741350268,rajajinagar,2,Vegetarian,not_applicable,onion;carrot;cauliflower;okra;drumstick;chilli,apple;papaya;grapes;watermelon;pomegranate;guava,rice;jowar;millets;wheat,sona masuri;jeerige sanna,milk;panner;buttermilk,0.5,6.0,3.0,dmart;flipkart minutes;k r market,weekly once,weekly once,,,,,,,,,,,,,,,,,,,,,,,,,,,,,,,,,,,,,,,,,,,,,,,,,,,,,,,,,,,,,,,,,,,,,,,,,,,,,,,,,,,
436,arpitha,9845037348,srinagar,6,Non_Vegetarian,wednesday;sunday,onion;tomato;carrot;potato;beans;chilli,apple;papaya;watermelon;kiwi,rice;millets;ragi;wheat,sona masuri;red rice/rajamudi;basmati,milk;panner;ice cream,1.0,18.0,5.0,dmart;metro;local kirana stores,weekly twice,Biweekly,,,,,,,,,,,,,,,,,,,,,,,,,,,,,,,,,,,,,,,,,,,,,,,,,,,,,,,,,,,,,,,,,,,,,,,,,,,,,,,,,,,
-,kenneth,9880242171,doddakallasandra,4,Non_Vegetarian,monday;tuesday;wednesday;thursday;friday;saturday;sunday,onion;tomato;carrot;potato;beans;chilli,banana;apple;orange;papaya;watermelon,rice;millets;wheat,sona masuri;red rice/rajamudi,ice cream,0.5,3.0,1.0,dmart;metro;zepto;local kirana stores,weekly twice,Monthly,,,,,,,,,,,,,,,,,,,,,,,,,,,,,,,,,,,,,,,,,,,,,,,,,,,,,,,,,,,,,,,,,,,,,,,,,,,,,,,,,,,
15,geetha,9343275549,electronic city,2,Non_Vegetarian,monday;tuesday;wednesday;thursday;friday;saturday;sunday,onion;tomato;carrot;potato;brinjal;beans;bottle guard,banana;apple;watermelon,rice;jowar;millets;wheat;sorghum,jeerige sanna;basmati,milk;curd;ice cream,0.5,10.0,7.0,dmart,weekly twice,Biweekly,,,,,,,,,,,,,,,,,,,,,,,,,,,,,,,,,,,,,,,,,,,,,,,,,,,,,,,,,,,,,,,,,,,,,,,,,,,,,,,,,,,
A-457,praveen,9868473421,vijayanagar,5,Non_Vegetarian,monday;wednesday;thursday;friday;saturday;sunday,onion;tomato;carrot;potato;beans;cabbage;okra;chilli,banana;orange;watermelon;pomegranate;guava,rice;millets;wheat,basmati,milk;curd;panner;buttermilk;ice cream,0.5,14.0,5.0,blinkit;dmart;zepto;swiggy instamart,weekly twice,Biweekly,,,,,,,,,,,,,,,,,,,,,,,,,,,,,,,,,,,,,,,,,,,,,,,,,,,,,,,,,,,,,,,,,,,,,,,,,,,,,,,,,,,
A-457,ashutosh,9868473421,vijayanagar,5,Non_Vegetarian,monday;wednesday;thursday;friday;saturday;sunday,onion;tomato;carrot;beans;cabbage;okra;chilli,banana;orange;watermelon;pomegranate;guava,rice;millets;wheat,white rice;basmati,milk;curd;panner;buttermilk;ice cream,0.5,18.0,5.0,blinkit;jio mart;zepto;swiggy instamart,weekly twice,Biweekly,,,,,,,,,,,,,,,,,,,,,,,,,,,,,,,,,,,,,,,,,,,,,,,,,,,,,,,,,,,,,,,,,,,,,,,,,,,,,,,,,,,
240,gowtham m s,9535197690,nagarbhavi,4,Eggetarian,not_applicable,onion;tomato;carrot;potato;beans;cabbage;okra;drumstick;chilli,banana;apple;papaya;grapes;pomegranate;litchi;passionfruit,rice;millets;ragi;wheat,sona masuri;jeerige sanna;red rice/rajamudi;basmati;idli/dosa rice,milk;curd;panner;buttermilk,5.0,14.0,7.0,blinkit;dmart;metro;reliance fresh;local kirana stores,weekly once,Monthly,,,,,,,,,,,,,,,,,,,,,,,,,,,,,,,,,,,,,,,,,,,,,,,,,,,,,,,,,,,,,,,,,,,,,,,,,,,,,,,,,,,
"16/2, 16TH CROSS",meena.s,9986922887,banashankari,4,Non_Vegetarian,wednesday;sunday,onion;tomato;carrot;potato;brinjal;beans;cauliflower;cabbage;chilli,banana;apple;orange;papaya;grapes,rice;millets;ragi;wheat;barley,white rice;red rice/rajamudi;brown rice,milk;curd;panner;ice cream,,6.0,3.0,local kirana stores,weekly twice,Monthly,,,,,,,,,,,,,,,,,,,,,,,,,,,,,,,,,,,,,,,,,,,,,,,,,,,,,,,,,,,,,,,,,,,,,,,,,,,,,,,,,,,
504,vani,8453805643,doddakallasandra,3,Non_Vegetarian,wednesday;sunday,onion;tomato;carrot;beans;chilli,banana;apple;papaya;guava,rice;millets;ragi;wheat;barley,sona masuri,milk;curd,1.0,10.0,5.0,local kirana stores,weekly once,Monthly,,,,,,,,,,,,,,,,,,,,,,,,,,,,,,,,,,,,,,,,,,,,,,,,,,,,,,,,,,,,,,,,,,,,,,,,,,,,,,,,,,,
"B605, Renaissance park 3 apartments ",sharanya c bharadwaj,9380104818,malleswaram,4,Vegetarian,not_applicable,onion;tomato;carrot;potato;beans;cabbage;chilli,banana;apple;orange;watermelon;guava,rice,white rice;brown rice,milk;curd;ice cream,0.2,6.0,5.0,blinkit;zepto;swiggy instamart,weekly twice,Monthly,,,,,,,,,,,,,,,,,,,,,,,,,,,,,,,,,,,,,,,,,,,,,,,,,,,,,,,,,,,,,,,,,,,,,,,,,,,,,,,,,,,
213,sama,7839922256,kormangala,5,Non_Vegetarian,sunday,onion;tomato,banana;apple;papaya,rice;wheat,white rice;jeerige sanna,milk,2.0,6.0,1.0,local kirana stores,weekly twice,weekly once,,,,,,,,,,,,,,,,,,,,,,,,,,,,,,,,,,,,,,,,,,,,,,,,,,,,,,,,,,,,,,,,,,,,,,,,,,,,,,,,,,,
No. 32,raghunath ambi,9886167475,vijayanagar,3,Eggetarian,not_applicable,onion;tomato;brinjal;cabbage;drumstick;chayote squash,banana;apple;orange;papaya;guava,rice;jowar;millets;ragi;wheat,white rice;red rice/rajamudi;idli/dosa rice,curd;buttermilk,0.25,6.0,1.0,dmart;reliance fresh;local kirana stores,weekly twice,weekly once,,,,,,,,,,,,,,,,,,,,,,,,,,,,,,,,,,,,,,,,,,,,,,,,,,,,,,,,,,,,,,,,,,,,,,,,,,,,,,,,,,,
#109/2,yashaswini,9448675392,andrahalli,3,Non_Vegetarian,sunday,onion;tomato;carrot;potato;brinjal;beans;cauliflower;cabbage,banana;apple;watermelon,millets;ragi;maize,white rice;red rice/rajamudi;idli/dosa rice,curd;panner;buttermilk;ice cream,1.0,14.0,1.0,blinkit;dmart,Biweekly,Biweekly,,,,,,,,,,,,,,,,,,,,,,,,,,,,,,,,,,,,,,,,,,,,,,,,,,,,,,,,,,,,,,,,,,,,,,,,,,,,,,,,,,,
#12,dhatri,7676786383,uttarahalli,4,Vegetarian,not_applicable,onion;tomato;carrot;potato;brinjal;beans;cabbage;drumstick;chilli,banana;apple;papaya;pomegranate;guava,rice;jowar;millets;ragi;wheat,white rice;red rice/rajamudi;basmati;idli/dosa rice,milk;curd;ice cream,0.5,6.0,5.0,blinkit;dmart;zepto;flipkart minutes;gandhi bazaar;k r market;local kirana stores;swiggy instamart,weekly once,weekly once,,,,,,,,,,,,,,,,,,,,,,,,,,,,,,,,,,,,,,,,,,,,,,,,,,,,,,,,,,,,,,,,,,,,,,,,,,,,,,,,,,,
Electronic City-1,nethra,9008087330,electronic city,6,Eggetarian,not_applicable,onion;tomato;carrot;potato;okra;drumstick;chilli,banana;pomegranate;guava,rice;jowar;millets;ragi;wheat,sona masuri;basmati;idli/dosa rice;brown rice,milk;curd,0.5,10.0,7.0,bigbasket;dmart;dmart ready;zepto;swiggy instamart,weekly once,Biweekly,,,,,,,,,,,,,,,,,,,,,,,,,,,,,,,,,,,,,,,,,,,,,,,,,,,,,,,,,,,,,,,,,,,,,,,,,,,,,,,,,,,
3,madhu,7411089465,vijayanagar,4,Non_Vegetarian,monday;tuesday;wednesday;thursday;friday;sunday,onion;tomato;beans;drumstick;chilli,banana;papaya,rice;ragi;wheat,sona masuri,milk;curd;buttermilk;ice cream,2.0,10.0,1.0,k r market;local kirana stores,Biweekly,Biweekly,,,,,,,,,,,,,,,,,,,,,,,,,,,,,,,,,,,,,,,,,,,,,,,,,,,,,,,,,,,,,,,,,,,,,,,,,,,,,,,,,,,
43,pradeep m doddakaragi,6360771019,vijayanagar,4,Vegetarian,not_applicable,onion;tomato;carrot;potato;brinjal;cauliflower;cabbage,banana;apple;orange;papaya;guava,rice;jowar;ragi;wheat;maize,white rice;sona masuri;red rice/rajamudi,milk;curd;panner,1.0,18.0,5.0,local kirana stores;more mega store,weekly twice,weekly once,,,,,,,,,,,,,,,,,,,,,,,,,,,,,,,,,,,,,,,,,,,,,,,,,,,,,,,,,,,,,,,,,,,,,,,,,,,,,,,,,,,
34,neeharika,8073075990,doddakallasandra,3,Non_Vegetarian,sunday,onion;tomato;potato;cauliflower;cabbage;chilli,banana;apple;grapes;guava;mango,rice;ragi;wheat,white rice,milk;curd;panner;buttermilk;ice cream,0.5,10.0,5.0,blinkit;amazon fresh;amazon now;big market;local kirana stores,weekly twice,Monthly,,,,,,,,,,,,,,,,,,,,,,,,,,,,,,,,,,,,,,,,,,,,,,,,,,,,,,,,,,,,,,,,,,,,,,,,,,,,,,,,,,,
110,pradyumna,9742460077,bannerghatta,3,Vegetarian,not_applicable,onion;tomato;carrot;potato;brinjal;beans,banana;apple;orange;papaya;grapes,rice,white rice,ice cream,1.0,10.0,1.0,local kirana stores,weekly once,weekly once,,,,,,,,,,,,,,,,,,,,,,,,,,,,,,,,,,,,,,,,,,,,,,,,,,,,,,,,,,,,,,,,,,,,,,,,,,,,,,,,,,,
50,vasantha,8197018559,andrahalli,4,Non_Vegetarian,wednesday;sunday,onion;tomato;carrot;potato;brinjal;beans;cauliflower;cabbage;okra;drumstick;chilli,banana;apple;orange;papaya;grapes;watermelon;pomegranate;guava,rice;ragi;wheat,white rice;red rice/rajamudi;idli/dosa rice;brown rice,milk;curd;panner;buttermilk;ice cream,0.75,18.0,7.0,bigbasket;blinkit;dmart;metro;zepto;more mega store,Once in two days,Monthly,,,,,,,,,,,,,,,,,,,,,,,,,,,,,,,,,,,,,,,,,,,,,,,,,,,,,,,,,,,,,,,,,,,,,,,,,,,,,,,,,,,
205,priyanka,8310313537,jp nagar 8th phase,5,Non_Vegetarian,sunday,onion;tomato;carrot;potato;brinjal;beans;cauliflower;cabbage;chilli,banana;apple;orange;watermelon;pomegranate,rice;jowar;millets;ragi;wheat;maize;barley,white rice,milk;curd;panner;buttermilk;ice cream,0.5,22.0,5.0,local kirana stores,weekly twice,Monthly,,,,,,,,,,,,,,,,,,,,,,,,,,,,,,,,,,,,,,,,,,,,,,,,,,,,,,,,,,,,,,,,,,,,,,,,,,,,,,,,,,,
#52,manyatha.r,6361718489,andrahalli,4,Non_Vegetarian,tuesday;wednesday;thursday;sunday,onion;tomato;carrot;potato;drumstick;chilli,banana;apple;papaya;guava;mango,rice;ragi;wheat,sona masuri,milk;curd;panner;ice cream,1.5,14.0,3.0,blinkit;dmart,weekly thrice,Monthly,,,,,,,,,,,,,,,,,,,,,,,,,,,,,,,,,,,,,,,,,,,,,,,,,,,,,,,,,,,,,,,,,,,,,,,,,,,,,,,,,,,
51,arya,8660476285,andrahalli,4,Non_Vegetarian,tuesday;wednesday;thursday;friday;sunday,onion;tomato;carrot;potato;brinjal;beans;cauliflower;cabbage;okra;drumstick;chilli,banana;apple;orange;papaya;grapes;watermelon;pomegranate;guava,rice;wheat;maize;barley,white rice;sona masuri;red rice/rajamudi;basmati;brown rice,milk;curd;panner;buttermilk;ice cream,1.0,22.0,7.0,bigbasket;dmart ready;jio mart;zepto;amazon fresh;amazon now,weekly twice,Biweekly,,,,,,,,,,,,,,,,,,,,,,,,,,,,,,,,,,,,,,,,,,,,,,,,,,,,,,,,,,,,,,,,,,,,,,,,,,,,,,,,,,,
49,chinmayee cm,8197922861,vijayanagar,6,Non_Vegetarian,tuesday;wednesday;thursday;friday;sunday,onion;tomato;carrot;potato;beans;chilli,banana;apple;watermelon;pomegranate;guava,rice;millets;ragi;wheat,white rice;sona masuri;red rice/rajamudi;idli/dosa rice,milk;curd;panner;buttermilk;ice cream,1.0,22.0,5.0,dmart;reliance fresh;local kirana stores,weekly twice,Monthly,,,,,,,,,,,,,,,,,,,,,,,,,,,,,,,,,,,,,,,,,,,,,,,,,,,,,,,,,,,,,,,,,,,,,,,,,,,,,,,,,,,
23,nn,1234554321,,1,Vegetarian,,Raw Banana,Pomegranate,,,,,,,KR Market,,,vijayanagar,Sorghum,,Curd,<0.5 kg,>22 kg,3-5L,,,,,,,,,,,,,,,,,,,,,,,,,,,,,,,,,,,,,,,,,,,,,,,,,,,,,,,,,,,,,,,,,,,,,,,,,,,,
23,nn,1234554321,,1,Vegetarian,Tue,Cauliflower,Pomegranate,,,,,,,Gandhi Bazaar,,,vijayanagar,Sorghum,,Paneer,0.5 kg,3-6 kg,3-5L,,,,,,,,,,,,,,,,,,,,,,,,,,,,,,,,,,,,,,,,,,,,,,,,,,,,,,,,,,,,,,,,,,,,,,,,,,,,
23,nn,1234554321,,1,Vegetarian,Wed,Cluster Beans,Guava,,,,,,,KR Market,,,vijayanagar,Rice,White Rice;Jeerige Sanna,Buttermilk,<0.5 kg,>22 kg,3-5L,,,,,,,,,,,,,,,,,,,,,,,,,,,,,,,,,,,,,,,,,,,,,,,,,,,,,,,,,,,,,,,,,,,,,,,,,,,,
23,vv,1234554321,,2,Vegetarian,,Tomato,Orange,,,,,,,Gandhi Bazaar,,,vijayanagar,Millets;Rice,White Rice;Sona Masuri,Curd,<0.5 kg,6-10 kg,<1L,,,,,,,,,,,,,,,,,,,,,,,,,,,,,,,,,,,,,,,,,,,,,,,,,,,,,,,,,,,,,,,,,,,,,,,,,,,,
34,nn,1234554321,,1,Vegetarian,,Onion,Banana;Tender Coconut,,,,,,,Big Basket,,,vijayanagar,Rice,White Rice;Jeerige Sanna,Milk,1 kg - 2 kg,6-10 kg,1-3L,,,,,,,,,,,,,,,,,,,,,,,,,,,,,,,,,,,,,,,,,,,,,,,,,,,,,,,,,,,,,,,,,,,,,,,,,,,,
23,nn,1234554321,,1,Vegetarian,,Onion;Carrot,Pineapple,,,,,,,KR Market,,,vijayanagar,Millets;Rice,White Rice,Milk,<0.5 kg,6-10 kg,<1L,,,,,,,,,,,,,,,,,,,,,,,,,,,,,,,,,,,,,,,,,,,,,,,,,,,,,,,,,,,,,,,,,,,,,,,,,,,,
23,vv,1234554321,,1,Eggetarian,,Onion;Carrot,Jackfruit,,,,,,,Reliance,,,vijayanagar,Jawar;Ragi,,Curd;Buttermilk,0.5 kg - 1 kg,14-18 kg,1-3L,,,,,,,,,,,,,,,,,,,,,,,,,,,,,,,,,,,,,,,,,,,,,,,,,,,,,,,,,,,,,,,,,,,,,,,,,,,,
34,vv,1234554321,,2,Non Vegetarian,Sun,Tomato;Potato,Banana;Apple,,,,,,,More Mega Store,,,vijayanagar,Rice;Jawar,White Rice,Milk,0.5 kg,6-10 kg,1-3L,,,,,,,,,,,,,,,,,,,,,,,,,,,,,,,,,,,,,,,,,,,,,,,,,,,,,,,,,,,,,,,,,,,,,,,,,,,,
23,mm,1234554321,,1,Vegetarian,,Tomato;Potato;Cucumber,Jackfruit;Tender Coconut,,,,,,,LuLu Daily,,,jayanagar,Rice;Millets,White Rice;Basmati,Milk;Buttermilk,<0.5 kg,6-10 kg,1-3L,,,,,,,,,,,,,,,,,,,,,,,,,,,,,,,,,,,,,,,,,,,,,,,,,,,,,,,,,,,,,,,,,,,,,,,,,,,,
2,n,9591792579,v,4,,Tue,,,,,,,,,,4,1,,,,,,,,0.0,0.0,0.0,0.0,0.0,1.0,0.0,0.0,0.0,0.0,0.0,1.0,1.0,1.0,1.0,1.0,0.0,0.0,0.0,0.0,0.0,0.0,0.0,0.0,0.0,1.0,0.0,0.0,0.0,0.0,0.0,0.0,0.0,0.0,0.0,0.0,0.0,0.0,1.0,1.0,1.0,1.0,1.0,,,,,,,,,,,,,,,,,,,,,,,,,,,,,,,,,
a,n,9591792579,vijaynagar,5,,Tue,,,,,,,,,,4,1,,,,,,,,0.0,0.0,0.0,0.0,0.0,1.0,0.0,0.0,0.0,0.0,0.0,0.0,,,,,0.0,0.0,1.0,0.0,0.0,0.0,0.0,0.0,0.0,0.0,0.0,0.0,0.0,0.0,0.0,0.0,0.0,0.0,0.0,0.0,0.0,0.0,1.0,1.0,1.0,1.0,1.0,1.0,1.0,1.0,1.0,,,,,,,,,,,,,,,,,,,,,,,,,,,,,
69,MONISH R,9591792578,RAJAJINAGAR,4,,Tue;Wed;Thu;Sun,,,,,,,,,,4,1,,,,,,,,0.0,0.0,0.0,1.0,0.0,0.0,0.0,0.0,0.0,0.0,0.0,0.0,,1.0,1.0,,0.0,0.0,0.0,0.0,0.0,0.0,0.0,0.0,0.0,1.0,0.0,0.0,0.0,0.0,0.0,0.0,0.0,0.0,0.0,0.0,0.0,0.0,6.0,5.0,3.0,4.0,1.0,,1.0,1.0,1.0,1.0,1.0,1.0,1.0,1.0,1.0,1.0,1.0,1.0,1.0,1.0,1.0,1.0,1.0,1.0,1.0,1.0,,,,,,,,,,,,
23,nanditha,9591792579,RAJAJINAGAR,4,,Tue,,,,,,,,,,4,1,,,,,,,,0.0,0.0,0.0,1.0,0.0,0.0,0.0,0.0,0.0,0.0,0.0,0.0,,,,,0.0,0.0,0.0,0.0,0.0,0.0,0.0,0.0,0.0,0.0,0.0,0.0,0.0,0.0,0.0,0.0,0.0,1.0,0.0,0.0,0.0,0.0,1.0,1.0,1.0,1.0,1.0,,,,1.0,,,,1.0,,,,,1.0,,,,,,,,,1.0,,,,,,,,,,,
24,nanditha,9591792579,vijaynagar,4,,Wed;Tue,,,,,,,,,,4,1,,,,,,,,0.0,0.0,0.0,0.0,0.0,1.0,1.0,0.0,0.0,0.0,0.0,0.0,,,,,0.0,0.0,0.0,0.0,0.0,0.0,0.0,0.0,0.0,1.0,0.0,0.0,0.0,0.0,0.0,0.0,0.0,0.0,0.0,0.0,0.0,0.0,1.0,1.0,1.0,1.0,1.0,,,,,,1.0,,,,,,1.0,,,1.0,,,,,,,1.0,,,,,,,,,,,
,,,BTM,4,,Sunday,,,,,,,,,,4,1,,,,,,,,0.0,1.0,0.0,0.0,0.0,0.0,0.0,0.0,0.0,0.0,0.0,0.0,,,,,0.0,0.0,0.0,0.0,0.0,0.0,0.0,0.0,0.0,0.0,0.0,0.0,0.0,0.0,0.0,0.0,0.0,0.0,0.0,0.0,0.0,0.0,2.0,2.0,2.0,2.0,1.0,,,1.0,,,1.0,,1.0,,,1.0,1.0,,1.0,1.0,1.0,,,,,,,1.0,,,,,,,,,,
56,aira,3898092341,JP Nagar,1,,Tue;Mon;Wed;Fri;Sun,,,,,,,,,,2,1,,,,,,,,0.0,1.0,0.0,0.0,0.0,0.0,0.0,0.0,0.0,0.0,0.0,0.0,,1.0,,,0.0,0.0,0.0,0.0,0.0,0.0,0.0,0.0,0.0,0.0,0.0,0.0,0.0,0.0,1.0,0.0,0.0,0.0,0.0,0.0,0.0,0.0,6.0,5.0,1.0,1.0,1.0,1.0,,,,1.0,,,,,1.0,1.0,1.0,1.0,1.0,1.0,,,,,,,,,1.0,1.0,1.0,1.0,1.0,,,,,
56,aira,9845583103,JP Nagar,2,,Wed;Thu;Fri,,,,,,,,,,3,1,,,,,,,,0.0,1.0,0.0,0.0,0.0,0.0,0.0,0.0,0.0,1.0,0.0,0.0,,,,,0.0,0.0,0.0,0.0,0.0,0.0,0.0,0.0,0.0,0.0,0.0,0.0,0.0,1.0,0.0,0.0,0.0,0.0,0.0,0.0,0.0,0.0,5.0,1.0,1.0,0.0,1.0,,,,,1.0,,,,,,,,,1.0,,,,,,,,,,,,,,,1.0,1.0,1.0,1.0,1.0
