"Timestamp","House Number:","Name","Phone Number:","Area/Locality:","Number of family members","Diet type ","If Non Veg, Which days do you prefer eating meat?","Select the vegetables that your household purchases or consumes regularly. (up to 6)","How much kg of vegetables s required by your household in a week approximately","Select the fruits that your household purchases or consumes regularly. (up to 5)  ","Select the food grains that your household purchases or consumes regularly.  ","If you consume rice, which type of rice is consumed by your household?  ","What dairy products is consumed by your household ? ","How much kg of rice is consumed  by your household in a day (in kg)","How much kg of rice is consumed by your household in a month","How many Liters of milk is consumed by your household in a week","Where does your household primarily buy groceries?","How often do you buy vegetables?","How often do you buy groceries?","Recommended by? 
Please mention the name of the person who sent this form to you."
"2026/06/05 10:05:52 AM GMT+5:30","201","p mahema sai","9739697840","Doddakallasandra","4","Non Veg","Wednesday;Friday;Sunday","Onion;Tomato;Carrot;Potato;Beans;Chilli","","Banana;Apple;Orange;Grapes;Watermelon;Pomegranate","Rice;Millets;Ragi;Wheat","White rice;Basmati;Brown rice","Milk;Curd;Panner;Buttermilk;Ice Cream","0.5 kg - 1 kg","6-10 kg","5-7 lt","METRO","weekly once","weekly twice",""
"2026/06/05 10:05:52 AM GMT+5:30","20","Namitha N Reddy","9108291205","Koramangala","5","Veg","","Onion;Tomato;Carrot;Potato;Beans;Cabbage;Drumstick","","Banana;Apple;Orange;Papaya;Guava;kiwi","Rice;Millets;Ragi;Barley","White rice","Milk;Curd;Panner",">0.5 kg","6-10 kg","5-7 lt","Local kirana stores","once in two weeks","once in two weeks",""
"2026/06/05 10:10:07 AM GMT+5:30","703","N","9876512349","Doddakallasandra","4","Veg","","Tomato;Carrot;Potato;Beans;Chilli","","Banana;Apple;Orange;Papaya;Guava","Rice;Jawar;Millets;Wheat","White rice;Sona Masuri;Idli/Dosa Rice;Brown rice","Milk;Curd;Panner;Buttermilk;Ice Cream","< 0.5 kg","6-10 kg","3-5 lt","Blinkit","weekly twice","weekly once",""
"2026/06/05 10:13:25 AM GMT+5:30","251","Shobhika Santhosh","7022167063","HSR","3","Non Veg","Wednesday;Friday;Saturday;Sunday","Onion;Tomato;Carrot;Potato;Brinjal;Beans;Cabbage;Chilli","","Banana;Apple;Mango","Rice;Millets;Ragi;Wheat","Red rice/Rajamudi","Milk;Curd;Panner;Buttermilk;Ice Cream","< 0.5 kg","3-6 kg","1-3 lt","LuLu Daily","weekly once","once in two weeks",""
"2026/06/05 10:14:43 AM GMT+5:30","147","","9513144130","Vijayanagar","4","Eggetarian","","Onion;Tomato;Carrot;Beans;Cabbage","","Banana;Apple;Orange;Papaya","Rice;Millets;Wheat;Maize","White rice;Sona Masuri;Idli/Dosa Rice","Milk;Curd","< 0.5 kg","6-10 kg","> 7 lt","Amazon Fresh & Amazon Now","weekly twice","once in two weeks",""
"2026/06/05 10:15:28 AM GMT+5:30","15","Prarthana D Acharya ","8867575549","Electronic city ","2","Non Veg","Tuesday;Wednesday;Saturday;Sunday","Onion;Tomato;Carrot;Potato;Drumstick;Chilli","","Banana;Apple;Orange;Papaya;Watermelon","Rice;Jawar;Ragi;Wheat;Maize","White rice;Sona Masuri;Brown rice","Milk;Curd;Panner;Buttermilk;Ice Cream","1 kg - 2 kg","10-14 kg","> 7 lt","D mart","weekly once","once in two weeks",""
"2026/06/05 10:17:32 AM GMT+5:30","1/222","Nidhi","7204281596","Kundapura ","4","Non Veg","Monday;Tuesday;Wednesday;Thursday;Sunday","Onion;Tomato;Potato;Beans;Drumstick;Chilli","","Banana;Apple;Orange;Papaya;Watermelon","Rice;Wheat","Brown rice","Milk","0.5 kg - 1 kg","10-14 kg","1-3 lt","Local kirana stores","weekly once","weekly once",""
"2026/06/05 10:24:33 AM GMT+5:30","10","Nidhi Mallikarjuna ","7398567891","Marathahalli ","3","Non Veg","Monday;Tuesday;Wednesday;Thursday;Friday;Saturday;Sunday","Onion;Tomato;Potato;Cabbage;Drumstick;Chilli","","Banana;Apple;Orange;Grapes;Watermelon","Rice;Ragi;Wheat;Maize","White rice;Basmati;Idli/Dosa Rice","Milk;Curd;Panner;Buttermilk;Ice Cream","< 0.5 kg","3-6 kg","< 1lt","Amazon Fresh & Amazon Now","weekly once","weekly once",""
"2026/06/05 10:24:40 AM GMT+5:30","No 9 ","Chandu ","9591287412","Andrahalli","6","Non Veg","Monday;Tuesday;Wednesday;Thursday;Friday;Saturday;Sunday","Onion;Tomato;Carrot;Potato;Brinjal;Beans;Cauliflower;Cabbage;Okra;Drumstick;Chilli","","Banana;Apple;Orange;Papaya;Grapes;Watermelon;Pomegranate;Guava","Rice;Jawar;Millets;Ragi;Wheat;Maize;Barley;Sorghum","White rice;Sona Masuri;Madhusanna;Jeerige Sanna;Red rice/Rajamudi;Basmati;Idli/Dosa Rice;Brown rice;Black rice","Milk;Curd;Panner;Buttermilk;Ice Cream","0.5 kg - 1 kg","18-22 kg","3-5 lt","DMart Ready","once in two weeks","weekly twice",""
"2026/06/05 10:26:03 AM GMT+5:30","145","Niharika Mirle ","9742429055","Bannerghatta road ","3","Non Veg","Monday;Tuesday;Wednesday;Thursday;Friday;Saturday;Sunday","Onion;Tomato;Carrot;Potato;Brinjal;Beans;Cauliflower;Cabbage;Okra;Drumstick;Chilli;Zukkini ","","Banana;Apple;Orange;Papaya;Grapes;Watermelon;Pomegranate;Guava;","Rice;Millets;Ragi;Wheat;Maize;Barley","Brown rice","Milk;Curd;Panner;Buttermilk;Ice Cream","0.5 kg - 1 kg","14-18 kg","> 7 lt","Blinkit","weekly once","once in two weeks",""
"2026/06/05 10:26:29 AM GMT+5:30","150/151","Sanjan M","9742039222","Bannerghatta road ","4","Non Veg","Monday;Tuesday;Wednesday;Thursday;Friday;Sunday","Onion;Tomato;Carrot;Potato;Drumstick;Chilli","","Banana;Apple;Orange;Watermelon;Guava","Rice;Millets;Ragi;Wheat","White rice;Sona Masuri;Red rice/Rajamudi;Idli/Dosa Rice;Brown rice","Milk;Curd;Panner;Ice Cream","0.5 kg - 1 kg","10-14 kg","5-7 lt","Zepto","weekly once","weekly once",""
"2026/06/05 10:28:13 AM GMT+5:30","45","Gurudev","9880549056","Sarjapur Road","6+","Non Veg","Monday;Tuesday;Wednesday;Thursday;Friday;Sunday","Onion;Tomato;Carrot;Potato;Brinjal;Beans;Cauliflower;Cabbage;Okra;Drumstick;Chilli","","Banana;Apple;Orange;Papaya;Grapes;Watermelon;Pomegranate","Rice;Jawar;Ragi","Basmati;Idli/Dosa Rice","Milk;Curd;Panner;Buttermilk;Ice Cream","0.5 kg - 1 kg","6-10 kg","5-7 lt","D mart","weekly twice","weekly once",""
"2026/06/05 10:39:35 AM GMT+5:30","#8","Ajay","7676509689","Andrahalli","4","Veg","","Onion;Tomato;Carrot;Potato;Brinjal;Beans;Cauliflower;Cabbage;Okra;Drumstick;Chilli","","Banana;Apple;Orange;Papaya;Grapes;Watermelon","Rice;Wheat","White rice","Milk;Curd;Panner;Ice Cream","< 0.5 kg","3-6 kg","> 7 lt","Shoprite Mall","weekly twice","once in two weeks",""
"2026/06/05 10:44:41 AM GMT+5:30","9","Prathith Shetty","9036541656","Sarjapur Road","4","Non Veg","Monday;Tuesday;Wednesday;Thursday;Friday;Saturday;Sunday","Onion;Tomato;Carrot;Potato;Brinjal;Beans;Cabbage;Chilli","","Banana;Apple;Papaya","Rice","White rice;Idli/Dosa Rice;Brown rice","Milk;Curd","< 0.5 kg","6-10 kg","5-7 lt","D mart","weekly once","once in two weeks",""
"2026/06/05 10:47:16 AM GMT+5:30","8","Arvind","9741350276","Vijayanagar","4","Non Veg","Wednesday;Sunday","Onion;Tomato;Carrot;Potato;Brinjal;Cauliflower","","Banana;Papaya;Grapes;Watermelon;Guava","Rice;Ragi;Wheat","Sona Masuri","Milk;Curd;Panner;Buttermilk;Ice Cream","< 0.5 kg","10-14 kg","< 1lt","D mart","weekly twice","once a month",""
"2026/06/05 10:47:58 AM GMT+5:30","405","","89512 25478","Ecity","5","Eggetarian","","Onion;Tomato;Carrot;Potato;Beans;Chilli","","Banana;Apple;Orange;Papaya;Pomegranate","Rice;Jawar;Millets;Ragi;Wheat","White rice","Milk;Panner;Ice Cream","0.5 kg - 1 kg","18-22 kg","5-7 lt","D mart","weekly twice","As per requirements. mostly monthly",""
"2026/06/05 10:54:16 AM GMT+5:30","32","Pavithra N","9845942346","Electronic city","3","Non Veg","Tuesday;Wednesday;Thursday;Sunday","Onion;Tomato;Carrot;Potato;Chilli","","Banana;Apple;Orange;Papaya;Watermelon;Pomegranate","Rice;Ragi;Wheat","Sona Masuri;Jeerige Sanna","Milk;Curd;Panner;Buttermilk","< 0.5 kg","3-6 kg","1-3 lt","D mart","weekly twice","once in two weeks",""
"2026/06/05 10:55:47 AM GMT+5:30","22/6","Manya J ","9964442294","Btm layout ","5","Non Veg","Wednesday;Thursday;Friday;Sunday","Onion;Tomato;Carrot;Potato;Beans;Chilli","","Banana;Apple;Orange;Watermelon","Rice;Millets;Ragi;Wheat;Maize","White rice;Sona Masuri;Jeerige Sanna;Idli/Dosa Rice","Milk;Curd;Panner;Buttermilk;Ice Cream","0.5 kg - 1 kg","18-22 kg","5-7 lt","Zepto","Once in two days ","once in two weeks",""
"2026/06/05 10:56:30 AM GMT+5:30","405","Manish M","9766146825","Nagarbhavi","5","Eggetarian","","Onion;Tomato;Carrot;Potato;Brinjal;Chilli","","Banana;Apple;Papaya;Watermelon;Pomegranate","Rice;Jawar;Millets;Ragi;Wheat","White rice","Milk;Curd;Panner;Buttermilk;Ice Cream","< 0.5 kg","3-6 kg","3-5 lt","Local kirana stores","weekly twice","When needed",""
"2026/06/05 11:12:58 AM GMT+5:30","#476","Navaneeth","9164281339","Sarjapur Road","6","Non Veg","Tuesday;Wednesday;Friday;Sunday","Onion;Tomato;Carrot;Potato;Brinjal;Beans;Cauliflower;Cabbage;Okra;Drumstick;Chilli","","Banana;Apple;Orange;Papaya;Grapes;Watermelon;Pomegranate;Guava","Rice;Jawar;Millets;Ragi;Wheat;Maize;Barley;Sorghum","White rice;Sona Masuri;Madhusanna;Red rice/Rajamudi;Basmati","Milk;Curd;Panner;Ice Cream","< 0.5 kg","10-14 kg","5-7 lt","METRO","weekly twice","weekly twice",""
"2026/06/05 11:22:38 AM GMT+5:30","69","Nihar","8073543790","California ","6+","Jain","Monday;Tuesday;Wednesday;Thursday;Friday;Saturday;Sunday","Onion;Tomato;Carrot;Potato;Brinjal;Beans;Cauliflower;Cabbage;Okra;Drumstick;Chilli;Hagalkai","","Banana;Apple;Orange;Watermelon;Guava;Mango ","Ragi;Wheat;Barley","White rice;Basmati;Idli/Dosa Rice;Brown rice","Milk;Curd;Buttermilk","1 kg - 2 kg","14-18 kg","3-5 lt","Amazon Fresh & Amazon Now","weekly twice","weekly twice",""
"2026/06/05 11:24:31 AM GMT+5:30","76","Parinitha ","8431737134","ISRO layout ","4","Veg","","Onion;Tomato;Carrot;Potato;Cauliflower;Chilli","","Banana;Apple;Orange;Pomegranate;Guava","Rice;Ragi;Wheat","White rice;Idli/Dosa Rice;Brown rice","Milk;Curd;Panner;Buttermilk;Ice Cream","0.5 kg - 1 kg","10-14 kg","3-5 lt","Blinkit","weekly once","weekly once",""
"2026/06/05 11:29:04 AM GMT+5:30","No 8","Usha.N","9845537353","Vijayanagar","4","Non Veg","Wednesday;Sunday","Onion;Tomato;Potato;Beans;Chilli","","Banana;Apple;Papaya;Watermelon;Guava","Rice;Ragi;Wheat","Sona Masuri","Milk;Curd;Panner;Buttermilk","0.5 kg - 1 kg","10-14 kg","3-5 lt","DMart Ready","weekly once","once in two weeks",""
"2026/06/05 11:43:48 AM GMT+5:30","52","Monish R","9591792579","Andrahalli","4","Non Veg","Tuesday;Wednesday;Sunday","Onion;Tomato;Carrot;Potato;Beans;Okra;Drumstick;Chilli;","","Banana;Apple;Orange;Papaya;Grapes;Watermelon;Pomegranate;Guava","Rice;Ragi;Wheat","Sona Masuri;Brown rice","Milk;Curd;Panner;Ice Cream","< 0.5 kg","14-18 kg","5-7 lt","More Mega Store","weekly twice","once in two weeks",""
"2026/06/05 11:53:03 AM GMT+5:30","Door No 8 Ground Floor","Arun Rao V","9845472293","Vijayanagar","3","Non Veg","Wednesday;Friday;Sunday","Onion;Tomato;Carrot;Potato;Brinjal;Beans;Chilli","","Banana;Papaya;Grapes;Watermelon;Pomegranate;Mango","Rice;Ragi;Wheat","White rice;Idli/Dosa Rice","Milk;Curd;Panner;Buttermilk;Ice Cream","< 0.5 kg","3-6 kg","1-3 lt","DMart Ready","weekly twice","once in two weeks",""
"2026/06/05 11:59:00 AM GMT+5:30","House # 8, 8th Cross","Vasudeva Rao P J","9886126345","Vijayanagar","2","Veg","","Onion;Tomato;Carrot;Potato;Brinjal;Beans;Cauliflower;Cabbage;Drumstick;Chilli","","Banana;Papaya;Grapes;Pomegranate;Guava","Rice;Wheat","White rice","Milk;Curd;Buttermilk","< 0.5 kg","3-6 kg","1-3 lt","Local kirana stores","weekly once","once in two weeks",""
"2026/06/05 12:10:13 PM GMT+5:30","#564","Amrita Pradeep","7397787224","Vijayanagar","4","Non Veg","Monday;Tuesday;Wednesday;Friday;Sunday","Onion;Tomato;Carrot;Potato;Brinjal;Beans","","Banana;Apple;Orange;Grapes","Rice;Millets;Wheat;Maize","White rice;Sona Masuri;Red rice/Rajamudi;Basmati;Idli/Dosa Rice","Milk;Curd;Panner;Ice Cream","0.5 kg - 1 kg","3-6 kg","> 7 lt","Flipkart Minutes","weekly once","once in two weeks",""
"2026/06/05 12:13:30 PM GMT+5:30","23","Niya","9353577171","Sarjapur Road","5","Non Veg","Monday;Tuesday;Wednesday;Thursday;Friday;Saturday;Sunday","Onion;Tomato;Potato;Beans;Cabbage;Okra;Chilli","","Banana;Orange;Grapes;Watermelon;Guava","Rice;Wheat","Red rice/Rajamudi;Idli/Dosa Rice;Brown rice","Milk;Curd;Ice Cream","0.5 kg - 1 kg","10-14 kg","5-7 lt","D mart","weekly twice","once in two weeks",""
"2026/06/05 12:27:24 PM GMT+5:30","498","Nikita","9845393511","Hanumanthnagar","1","Non Veg","Tuesday;Wednesday;Friday;Sunday","Onion;Tomato;Carrot;Potato;Chilli","","Banana;Apple;Orange;Watermelon","Rice;Millets;Ragi;Wheat","White rice;Basmati;Idli/Dosa Rice;Brown rice","Milk;Curd;Panner;Buttermilk;Ice Cream","< 0.5 kg","6-10 kg","1-3 lt","Local kirana stores","weekly once","once in two weeks",""
"2026/06/05 12:38:22 PM GMT+5:30","168","Prabhakar Rao N ","9916079172","Nagarbhavi ","5","Non Veg","Wednesday;Sunday","Onion;Tomato;Potato;Beans;Drumstick;Chilli","","Banana;Apple;Orange;Papaya;Watermelon;Pomegranate;Guava","Rice;Ragi;Wheat","Sona Masuri;Red rice/Rajamudi;Idli/Dosa Rice","Milk;Curd","< 0.5 kg","6-10 kg","3-5 lt","Local kirana stores","weekly twice","once in two weeks",""
"2026/06/05 12:38:53 PM GMT+5:30","168","Ananda Rao P","9591700848","Nagarbhavi ","5","Non Veg","Wednesday;Sunday","Onion;Tomato;Carrot;Potato;Drumstick;Chilli","","Banana;Apple;Orange;Papaya;Pomegranate;Guava","Rice;Ragi;Wheat","Sona Masuri","Milk;Curd","< 0.5 kg","3-6 kg","3-5 lt","Local kirana stores","weekly twice","once in two weeks",""
"2026/06/05 12:40:44 PM GMT+5:30","12","Nanditha ","8310311281","Vijayanagar","3","Pescatarian","Tuesday;Wednesday;Friday;Sunday","Onion;Tomato;Potato;Brinjal;Okra;Chilli","","Apple;Orange;Grapes;Watermelon;Pomegranate","Rice;Wheat;Maize","White rice;Sona Masuri;Basmati;Idli/Dosa Rice","Milk;Curd;Panner;Buttermilk;Ice Cream","0.5 kg - 1 kg","10-14 kg","< 1lt","D mart","weekly twice","once in two weeks",""
"2026/06/05 12:42:48 PM GMT+5:30","#305","Nikhil Rao","9916462248","Nagarbhavi","5","Non Veg","Wednesday;Friday;Sunday","Onion;Tomato;Carrot;Potato;Brinjal;Beans","","Banana;Papaya;Grapes;Pomegranate;Guava","Rice;Jowar;Ragi;Wheat","White rice","Milk;Curd;Panner;Buttermilk","< 0.5 kg","3-6 kg","5-7 lt","Local kirana stores","weekly twice","once in two weeks",""
"2026/06/05 12:44:16 PM GMT+5:30","617","Sindhu","8310204488","R t nagar","3","Non Veg","Wednesday;Sunday","Onion;Tomato;Potato;Beans;Drumstick;Chilli","","Banana;Apple;Orange;Papaya;Guava","Rice;Jowar;Millets;Wheat;Maize;Barley","Sona Masuri;Jeerige Sanna;Idli/Dosa Rice;Brown rice","Milk;Curd;Panner","< 0.5 kg","3-6 kg","1-3 lt","D mart","weekly once","weekly once",""
"2026/06/05 12:52:46 PM GMT+5:30","13","Gautham Kashivishwanath","9986076471","Vasanthnagar","5","Non Veg","Sunday","Onion;Tomato;Carrot;Potato;Cauliflower;Okra;Drumstick","","Banana;Apple;Papaya;Watermelon;Pomegranate;Guava","Rice;Ragi;Wheat;Barley","White rice","Milk;Curd;Panner;Ice Cream","< 0.5 kg","10-14 kg","> 7 lt","Amazon Fresh & Amazon Now","Once in 2 days","once in two weeks",""
"2026/06/05 1:17:37 PM GMT+5:30","No 345 2nd Floor ","Ramesh babu N ","9901482039","Anand nagar  Hebbal post ","3","Non Veg","Wednesday;Sunday","Onion;Tomato;Carrot;Potato;Beans;Chilli","","Banana;Apple;Orange;Papaya;Pomegranate","Rice;Ragi;Wheat","Sona Masuri","Milk;Curd","< 0.5 kg","6-10 kg","1-3 lt","Zepto","weekly once","once in two weeks",""
"2026/06/05 3:43:12 PM GMT+5:30","305","Chandrakant Rao GL","8095624475","Nagarabhavi","5","Non Veg","Wednesday;Sunday","Onion;Tomato;Carrot;Potato;Brinjal;Beans;Cauliflower;Cabbage;Okra;Drumstick;Chilli","","Banana;Orange;Papaya;Watermelon;Mangos during season","Rice;Ragi;Wheat","Sona Masuri;Idli/Dosa Rice","Milk;Curd;Panner","< 0.5 kg","6-10 kg","> 7 lt","Local kirana stores","weekly twice","Monthly once",""
"2026/06/05 4:24:55 PM GMT+5:30","15","Anika Pratish ","9606277889","Singasandra ","6","Non Veg","Wednesday;Friday;Sunday","Onion;Tomato;Potato;Beans;Drumstick;Chilli","","Banana;Apple;Orange;Pomegranate;Guava","Rice;Millets;Ragi;Wheat;Barley;Sorghum","White rice;Basmati;Brown rice","Milk;Curd;Panner;Buttermilk;Ice Cream","< 0.5 kg","6-10 kg","1-3 lt","Zepto","weekly once","1 month ",""
"2026/06/05 5:40:33 PM GMT+5:30","35","Mohammed Raonar ","8431091726","Rajajinagar","5","Non Veg","Monday;Tuesday;Wednesday;Thursday;Friday;Saturday;Sunday","Onion;Tomato;Carrot;Potato;Chilli","","Apple;Orange;Papaya;Grapes;Watermelon;Pomegranate","Wheat","White rice;Jeerige Sanna;Basmati","Milk;Curd;Panner;Buttermilk;Ice Cream","< 0.5 kg","6-10 kg","> 7 lt","Amazon Fresh & Amazon Now","weekly once","weekly once",""
"2026/06/05 5:47:39 PM GMT+5:30","423","Dhanushree S","9844555588","Vijayanagar","5","Veg","Tuesday;Wednesday;Sunday","Onion;Tomato;Carrot;Potato;Brinjal;Beans;Chilli","","Banana;Apple;Orange;Papaya;Grapes;Watermelon;Pomegranate;Guava","Rice;Millets;Ragi;Wheat","White rice","Milk;Curd;Buttermilk","< 0.5 kg","6-10 kg","< 1lt","Local kirana stores","weekly once","Monthly ",""
"2026/06/05 5:52:28 PM GMT+5:30","31","Priya","9986646169","Andrahalli","4","Pescatarian","","Onion;Tomato;Carrot;Potato;Beans;Drumstick","","Banana;Apple;Orange;Grapes;Strawberry ","Rice;Millets;Ragi;Barley","White rice;Red rice/Rajamudi","Milk;Curd","0.5 kg - 1 kg","3-6 kg","1-3 lt","Reliance","weekly once","once in two weeks",""
"2026/06/05 6:03:01 PM GMT+5:30","3-121","Abhirama MB","7483974304","Sarjapur Road","3","Veg","","Onion;Tomato;Potato","","Banana;Apple","Rice","White rice;Red rice/Rajamudi","Milk;Curd;Panner;Buttermilk;Ice Cream","1 kg - 2 kg","18-22 kg","1-3 lt","Zepto","weekly twice","weekly once",""
"2026/06/05 6:30:11 PM GMT+5:30","499","Asha","9901062450","Srinagar ","2","Eggetarian","Wednesday;Friday;Sunday","Onion;Tomato;Carrot;Potato;Cauliflower;Cabbage;Chilli","","Banana;Apple;Orange;Grapes;Pomegranate","Rice;Jowar;Millets;Ragi;Wheat","White rice;Red rice/Rajamudi;Basmati;Idli/Dosa Rice;Brown rice","Milk;Curd;Panner","0.5 kg - 1 kg","6-10 kg","3-5 lt","D mart","once in two weeks","once in two weeks",""
"2026/06/05 6:34:34 PM GMT+5:30","19","Harshitha ","9972574019","Tavarekere","6+","Veg","","Onion;Tomato;Carrot;Potato;Beans;Cauliflower;Cabbage;Chilli","","Banana;Apple;Orange;Papaya;Grapes;Watermelon;Pomegranate","Rice;Jowar;Millets;Ragi;Wheat;Maize;Barley","Sona Masuri;Brown rice","Milk;Curd;Panner;Buttermilk;Ice Cream","0.5 kg - 1 kg","18-22 kg","3-5 lt","D mart","weekly twice","weekly twice",""
"2026/06/05 7:05:38 PM GMT+5:30","#75","Prithvi Nath.A","7829021050","Sunkadkatte ","5","Non Veg","Sunday","Onion;Tomato;Carrot;Potato;Beans;Chilli","","Banana;Apple;Papaya;Grapes;Pomegranate","Rice;Ragi;Wheat","White rice;Idli/Dosa Rice","Milk;Curd;Panner","0.5 kg - 1 kg","10-14 kg","5-7 lt","D mart","weekly twice","once in two weeks",""
"2026/06/05 7:13:20 PM GMT+5:30","No 112","Parineeth","7975626545","Sahakarnagar","6+","Jain","","Tomato;Carrot;Potato;Beans;Cauliflower;Chilli","","Banana;Apple;Orange;Papaya;Grapes;Watermelon;Pomegranate;Guava","Rice;Maize","Sona Masuri","Milk;Curd;Panner;Buttermilk;Ice Cream","0.5 kg - 1 kg","14-18 kg","3-5 lt","Local kirana stores","weekly twice","weekly twice",""
"2026/06/05 7:24:35 PM GMT+5:30","15","","997205","Rajajinagar","4","Non Veg","Tuesday;Wednesday;Thursday;Friday;Saturday","Onion;Tomato;Carrot;Potato;Brinjal;Beans;Cauliflower;Cabbage;Okra;Drumstick;Chilli","","Banana;Apple;Orange;Papaya;Grapes;Watermelon;Pomegranate;Guava","Rice;Ragi;Wheat","White rice;Sona Masuri;Basmati;Idli/Dosa Rice","Milk;Curd;Panner;Buttermilk;Ice Cream","0.5 kg - 1 kg","18-22 kg","3-5 lt","D mart","weekly twice","weekly once",""
"2026/06/05 7:26:16 PM GMT+5:30","685","Asangla Lee","8736508165","Tripura","6","Non Veg","Monday;Tuesday;Wednesday;Thursday;Friday;Saturday;Sunday","Onion;Tomato;Potato;Beans;Cabbage;Okra;Drumstick","","Apple;Orange;Grapes;Pomegranate;Guava","Millets;Wheat;Maize;Barley;Sorghum","Madhusanna;Basmati;Idli/Dosa Rice;Brown rice","Milk;Curd;Panner;Buttermilk","0.5 kg - 1 kg","10-14 kg","1-3 lt","Local kirana stores","weekly twice","once in two weeks",""
"2026/06/05 7:35:04 PM GMT+5:30","500","Niharikia","9900062450","Rajajinagar","3","Pescatarian","","Onion;Carrot;Potato;Brinjal;Beans;Cauliflower;Drumstick","","Apple;Orange;Papaya;Watermelon;Guava","Rice;Millets;Ragi;Maize;Sorghum","Sona Masuri;Jeerige Sanna;Red rice/Rajamudi;Basmati;Brown rice","Panner","1 kg - 2 kg","10-14 kg","1-3 lt","METRO","weekly twice","weekly twice",""
"2026/06/05 7:35:54 PM GMT+5:30","H 251","Rajini","9663527912","Kaglipura","6+","Non Veg","Wednesday;Friday;Sunday","Onion;Tomato;Carrot;Potato;Brinjal;Beans;Okra;Drumstick;Chilli","","Banana;Apple;Orange;Pomegranate;Guava","Rice;Jowar;Millets;Ragi;Wheat","White rice;Jeerige Sanna;Red rice/Rajamudi;Idli/Dosa Rice","Milk;Curd;Panner","< 0.5 kg","6-10 kg","5-7 lt","D mart","weekly once","Monthly once",""
"2026/06/05 7:36:37 PM GMT+5:30","628","Anna ","9764589202","Sarjapur Road","1","Vegan","","Beans;Cauliflower;Cabbage;Okra","","Banana;Apple;Orange;Papaya;Grapes;Watermelon;Pomegranate;Guava","Rice;Jowar;Millets;Ragi;Maize;Barley;Sorghum","Madhusanna;Red rice/Rajamudi;Idli/Dosa Rice;Brown rice;Black rice","Ice Cream","More than 2 kg","14-18 kg","3-5 lt","Big Basket","weekly once","weekly once",""
"2026/06/05 7:39:43 PM GMT+5:30","177","Deepthi N Reddy","9741705375","E-city","3","Non Veg","Tuesday;Wednesday;Thursday;Friday;Sunday","Onion;Tomato;Carrot;Potato;Beans;Drumstick;Chilli","","Banana;Apple;Orange;Papaya","Rice;Ragi;Wheat","White rice","Milk;Curd","< 0.5 kg","6-10 kg","1-3 lt","Local kirana stores","weekly twice","once in two weeks",""
"2026/06/05 7:40:00 PM GMT+5:30","111","Shanti ","9845519390","Andrahalli","1","Jain","","Okra;Drumstick;Chilli","","Banana;Apple;Pomegranate;Guava","Rice;Jowar","White rice;Sona Masuri;Basmati","Milk;Ice Cream","0.5 kg - 1 kg","6-10 kg","1-3 lt","Swiggy Instamart","once in two weeks","weekly twice",""
"2026/06/05 7:40:14 PM GMT+5:30","12","shivani","9845537359","Nagarbavi","5","Veg","","Onion;Tomato;Potato;Beans;Cauliflower;Drumstick;Chilli","","Banana;Apple;Watermelon;Pomegranate;Guava","Rice;Jowar;Millets;Ragi;Wheat","White rice;Sona Masuri;Madhusanna;Brown rice;Black rice","Milk","0.5 kg - 1 kg","6-10 kg","1-3 lt","Big Basket","weekly once","once in two weeks",""
"2026/06/05 7:40:35 PM GMT+5:30","112","Retikka","8105881946","Chandhapura","3","Veg","","Onion;Tomato;Carrot;Okra;Drumstick;Chilli;Cucumber","","Banana;Orange;Watermelon;Pomegranate;Guava","Rice;Millets;Ragi;Wheat","White rice;Idli/Dosa Rice","Milk;Curd;Panner;Buttermilk;Ice Cream","< 0.5 kg","3-6 kg","3-5 lt","Local kirana stores","weekly twice","once in two weeks",""
"2026/06/05 7:43:06 PM GMT+5:30","11","Ravi","9741356785","J P Nagar","6+","Vegan","","Tomato;Carrot;Potato;Beans;Okra;Drumstick","","Banana;Apple;Grapes;Watermelon;Pomegranate;plum, lychee, jammun","Rice;Ragi;Maize","White rice","Milk;Curd;Panner","1 kg - 2 kg","18-22 kg","5-7 lt","Reliance","weekly twice","once in two weeks",""
"2026/06/05 7:47:47 PM GMT+5:30","105","Nikita Kore","+91 98453 93511","RV college","6+","Non Veg","Monday;Tuesday;Wednesday;Thursday;Friday;Saturday;Sunday","Brinjal;Chilli","","Banana;Orange","Maize","Black rice","Ice Cream","< 0.5 kg",">22 kg","> 7 lt","From our coffee estate","Every leap year","Every 10 minutes",""
"2026/06/05 7:50:29 PM GMT+5:30","28","Harish","8310322345","Jayanagar","1","Eggetarian","","Beans;Cauliflower;Okra;Drumstick;Bottle Gourd, ","","Banana;Grapes;Mango, kiwi","Rice;Wheat","White rice;Basmati","Milk;Panner","< 0.5 kg","3-6 kg","< 1lt","Zepto","weekly once","monthly once",""
"2026/06/05 7:52:01 PM GMT+5:30","5","Pawan","9738497905","Batrayanpura","4","Veg","","Onion;Tomato;Carrot;Potato;Beans;Chilli","","Banana;Apple;Orange;Watermelon;Guava","Rice","Basmati","Milk","1 kg - 2 kg","18-22 kg","5-7 lt","Local kirana stores","weekly once","weekly once",""
"2026/06/05 7:53:48 PM GMT+5:30","54","Monica","9480259564","R R Nagar","1","Veg","","Onion;Tomato;Carrot;Potato;Beans;Cauliflower","","Banana;Apple;Papaya;Pomegranate;Guava","Rice;Ragi;Wheat","Sona Masuri;","Milk;Curd","< 0.5 kg","3-6 kg","1-3 lt","Local kirana stores","weekly once","Once in a month",""
"2026/06/05 7:54:24 PM GMT+5:30","19","Nanditha","9844953357 ","Vijayanagar","4","Pescatarian","Monday;Tuesday;Wednesday;Thursday;Friday;Saturday;Sunday","Onion;Tomato;Carrot;Potato;Brinjal;Beans;Cauliflower;Cabbage;Okra;Drumstick;Chilli;","","Banana;Apple;Orange;Papaya;Grapes;Watermelon;Pomegranate;Guava;","Rice;Jowar;Millets;Ragi;Wheat;Maize;Barley;Sorghum;","White rice;Sona Masuri;Madhusanna;Jeerige Sanna;Red rice/Rajamudi;Basmati;Idli/Dosa Rice;Brown rice;Black rice;","Milk;Curd;Panner;Buttermilk;Ice Cream","0.5 kg - 1 kg","18-22 kg","5-7 lt","K R Market","weekly twice","weekly twice",""
"2026/06/05 7:56:06 PM GMT+5:30","566","Vtgh","5643277965","Sarjapur Road","3","Eggetarian","Wednesday","Carrot;Beans;Okra","","Apple;Orange;Watermelon","Millets;Ragi;Maize;Sorghum","Madhusanna;Red rice/Rajamudi;Idli/Dosa Rice;Black rice","Milk;Curd;Buttermilk","0.5 kg - 1 kg","10-14 kg","3-5 lt","D mart","weekly twice","once in two weeks",""
"2026/06/05 7:59:42 PM GMT+5:30","9","Parinth","9845472293","Vijayanagar","6+","Non Veg","Sunday","Carrot;Potato","","Banana","Rice;Wheat","White rice;Sona Masuri;Basmati","Milk;Curd;Panner;Buttermilk;Ice Cream","0.5 kg - 1 kg","18-22 kg","5-7 lt","D mart","weekly twice","weekly twice",""
"2026/06/05 8:02:20 PM GMT+5:30","20","Usha Ramaswamy ","98450 40100","Vijayanagar","4","Veg","","Onion;Tomato;Carrot;Potato;Brinjal;Beans;Cabbage;Okra;Drumstick;Chilli;Greens","","Banana;Apple;Papaya;Guava;Blue berry","Rice;Jowar;Millets;Ragi;Wheat;Barley","Sona Masuri;Idli/Dosa Rice","Milk;Curd;Panner","< 0.5 kg","14-18 kg","> 7 lt","D mart","weekly once","Monthly once",""
"2026/06/05 8:05:03 PM GMT+5:30","201","P Pratap Reddy ","9845532071","Doddakallasandra","4","Non Veg","Sunday","Onion;Tomato;Carrot;Beans;Cauliflower;Chilli;","","Banana;Orange;Papaya;Grapes;Pomegranate","Rice;Ragi;Wheat","Sona Masuri","Milk;Curd;Panner","< 0.5 kg","10-14 kg","1-3 lt","METRO","once in two weeks","once in two weeks",""
"2026/06/05 8:09:58 PM GMT+5:30","68","Mangala Shetty ","9739466393","Nagadevanahalli","4","Non Veg","Tuesday;Wednesday;Friday;Sunday","Onion;Tomato;Carrot;Potato;Brinjal;Beans;Cauliflower;Cabbage;Drumstick;Chilli;","","Banana;Apple;Orange;Papaya;Grapes;Watermelon;Guava","Rice;Millets;Ragi;Wheat;Barley;Sorghum","White rice;Brown rice","Milk;Curd;Ice Cream","< 0.5 kg","6-10 kg","< 1lt","All of this","weekly twice","weekly twice",""
"2026/06/05 8:10:24 PM GMT+5:30","No7","Devanand","9448385613","Vijayanagar","5","Veg","","Onion;Tomato;Carrot;Potato;Brinjal;Beans;Cauliflower;Cabbage;Okra;Drumstick;Chilli","","Banana;Apple;Papaya;Guava","Rice;Ragi;Wheat","Sona Masuri;Jeerige Sanna;Basmati;Idli/Dosa Rice","Milk;Curd;Panner;Buttermilk","0.5 kg - 1 kg","14-18 kg","1-3 lt","METRO","weekly twice","once in two weeks",""
"2026/06/05 8:12:31 PM GMT+5:30","8","Ashwik","7019225699","Vijayanagar","4","Veg","","Onion;Tomato;Carrot;Potato;Brinjal;Beans;Cauliflower;Cabbage;Okra;Drumstick;Chilli;","","Banana;Apple;Orange;Papaya;Grapes;Watermelon;Pomegranate;Guava","Rice","White rice","Milk","0.5 kg - 1 kg","10-14 kg","> 7 lt","Local kirana stores","weekly twice","weekly twice",""
"2026/06/05 8:13:34 PM GMT+5:30","201","Ruchira ","6363618571","Doddakallasandra","3","Non Veg","Wednesday;Friday;Saturday;Sunday","Onion;Tomato;Carrot;Chilli","","Banana;Apple;Orange;Pomegranate","Rice;Ragi;Wheat","White rice","Milk;Curd","More than 2 kg","6-10 kg","3-5 lt","METRO","once in two weeks","once in two weeks",""
"2026/06/05 8:14:05 PM GMT+5:30","#17","B.Chethana","6364309349","Vijayanagar","4","Veg","","Onion;Tomato;Carrot;Potato;Beans;Cauliflower","","Banana;Apple;Papaya;Grapes;Guava","Rice;Ragi;Maize","White rice;Jeerige Sanna;Idli/Dosa Rice","Milk;Curd;Panner;Buttermilk","0.5 kg - 1 kg","10-14 kg","3-5 lt","METRO","weekly twice","monthly once",""
"2026/06/05 8:14:14 PM GMT+5:30","#101A","Prajwal","7411048872","Rajajinagar","5","Non Veg","Monday;Tuesday;Wednesday;Thursday;Friday;Saturday;Sunday","Onion;Tomato;Carrot;Potato;Cabbage;Chilli","","Banana;Apple;Orange;Watermelon","Rice;Millets;Ragi;Barley","White rice;Sona Masuri;Basmati","Milk;Curd;Panner","1 kg - 2 kg",">22 kg","5-7 lt","K R Market","weekly twice","weekly twice",""
"2026/06/05 8:16:03 PM GMT+5:30","#43","Pranav Srikanth ","+91 63609 48468","Banashankari ","3","Veg","","Onion;Tomato;Carrot;Potato;Brinjal;Drumstick","","Banana;Orange;Grapes;Watermelon;Pomegranate","Rice;Millets;Ragi;Wheat;Barley","White rice;Red rice/Rajamudi;Idli/Dosa Rice;Brown rice","Milk;Curd;Panner","0.5 kg - 1 kg","10-14 kg","3-5 lt","Local kirana stores","weekly twice","once in two weeks",""
"2026/06/05 8:18:23 PM GMT+5:30","#87","Poorvitha Srinivas","+91 72045 57098","JP Nagar","4","Non Veg","Wednesday;Sunday","Onion;Tomato;Potato;Brinjal;Drumstick;Chilli","","Orange;Papaya;Grapes;Watermelon;Pomegranate","Rice;Ragi;Wheat;Barley","White rice;Idli/Dosa Rice","Milk;Curd;Panner","0.5 kg - 1 kg","10-14 kg","5-7 lt","METRO","weekly twice","monthly once",""
"2026/06/05 8:26:31 PM GMT+5:30","6","Puneeth","9972577559","Vijayanagar","6+","Veg","","Tomato;Carrot;Potato;Beans;Drumstick;Chilli","","Banana;Orange;Grapes;Watermelon;Pomegranate","Rice;Millets;Maize","Sona Masuri","Milk;Curd;Panner;Buttermilk","0.5 kg - 1 kg","18-22 kg","5-7 lt","K R Market","weekly twice","monthly once",""
"2026/06/05 8:35:42 PM GMT+5:30","No. 30","Ranjini","9480770495","Vijayanagar","3","Veg","","Onion;Tomato;Carrot;Beans;Cauliflower;Chilli","","Banana;Apple;Papaya;Watermelon;Pomegranate","Rice;Millets;Ragi;Wheat","Sona Masuri","Milk","More than 2 kg","14-18 kg","> 7 lt","D mart","weekly twice","weekly once",""
"2026/06/05 8:47:29 PM GMT+5:30","13","Ashwini Bai","8050733740","Vasanth Nagar ","5","Non Veg","Wednesday;Friday;Sunday","Onion;Tomato;Carrot;Potato;Drumstick;Chilli;Peas","","Banana;Apple;Papaya;Grapes;Pomegranate","Rice;Millets;Ragi;Wheat;Maize","White rice;Jeerige Sanna;Basmati;Idli/Dosa Rice","Milk;Curd;Panner;Buttermilk;Ice Cream","< 0.5 kg","10-14 kg","> 7 lt","Local kirana stores","weekly twice","once in two weeks",""
"2026/06/05 8:57:33 PM GMT+5:30","8","Shwetha ","8147503624","Vijayanagar","6","Non Veg","Wednesday;Sunday","Onion;Tomato;Carrot;Potato;Cauliflower;Cabbage;Drumstick","","Banana;Apple;Orange;Guava","Rice;Ragi;Maize","White rice","Milk;Curd","0.5 kg - 1 kg","6-10 kg","5-7 lt","Zepto","weekly once","weekly twice",""
"2026/06/05 9:18:21 PM GMT+5:30","12","Sosuke Aizen","9738786321","Padrayanapura","5","Non Veg","Monday;Tuesday;Wednesday;Thursday;Friday;Saturday;Sunday","Onion;Tomato;Carrot;Potato;Beans;Chilli;","","Apple;Orange;Papaya;Watermelon","Rice;Ragi;Wheat;Barley","White rice;Basmati;Brown rice","Milk;Curd;Panner;Buttermilk;Ice Cream","0.5 kg - 1 kg","10-14 kg","5-7 lt","Zepto","weekly twice","once in two weeks",""
"2026/06/05 9:43:02 PM GMT+5:30","A block 209","Rekha H Pednekar","9945184656","Kengeri","3","Non Veg","Wednesday;Friday;Sunday","Onion;Tomato;Carrot;Potato;Beans;Chilli","","Banana;Orange;Watermelon;Guava","Rice;Ragi;Wheat","Bullet rice","Milk;Curd;Panner;Buttermilk;Ice Cream","0.5 kg - 1 kg","6-10 kg","< 1lt","Local kirana stores","weekly twice","monthly once",""
"2026/06/05 9:53:12 PM GMT+5:30","202","Sanju J","9632770844","Haralur","6","Non Veg","Monday;Tuesday;Wednesday;Thursday;Friday;Saturday;Sunday","Onion;Tomato;Carrot;Potato","","Banana","Rice;Ragi;Wheat","White rice","Milk;Curd;Panner;Ice Cream","1 kg - 2 kg",">22 kg","> 7 lt","General stores","Daily","monthly once",""
"2026/06/05 10:02:10 PM GMT+5:30","H251","Yashodha","9620421518","Kaggalipura","6+","Veg","Sunday","Onion;Tomato;Carrot;Beans;Drumstick;Chilli","","Banana;Apple;Orange;Grapes;Watermelon;Guava","Rice;Ragi;Wheat;Maize;Barley","White rice","Milk;Curd","< 0.5 kg","14-18 kg","5-7 lt","D mart","weekly twice","monthly once",""
"2026/06/05 10:06:22 PM GMT+5:30","1433","","6362762062","Doddakallasandra","3","Veg","","Onion;Tomato;Carrot;Potato;Cabbage;Okra","","Banana;Watermelon;Pomegranate","Rice;Ragi;Wheat","White rice;Red rice/Rajamudi","Milk;Curd;Ice Cream","< 0.5 kg","10-14 kg","3-5 lt","Local kirana stores","weekly once","weekly once",""
"2026/06/05 10:12:32 PM GMT+5:30","#3","-","-","Arehalli ","4","Veg","","Onion;Tomato;Carrot;Potato;Beans;Okra","","Banana;Apple;Orange;Pomegranate;Guava","Rice;Millets;Ragi;Wheat","Sona Masuri;Red rice/Rajamudi;Idli/Dosa Rice","Milk;Curd;Panner;Buttermilk","< 0.5 kg","10-14 kg","5-7 lt","Reliance","weekly twice","monthly once",""
"2026/06/05 10:24:36 PM GMT+5:30","308 A block","Surekha","9940348948","Kengeri","3","Non Veg","Tuesday;Wednesday;Thursday;Friday;Saturday;Sunday","Onion;Tomato;Carrot;Potato;Brinjal;Beans;Okra;Chilli","","Banana;Papaya;Grapes;Watermelon;Guava","Rice;Wheat","Sona Masuri","Milk;Curd;Panner;Buttermilk","More than 2 kg","6-10 kg","3-5 lt","LuLu Daily","weekly once","weekly once",""
"2026/06/06 2:42:43 AM GMT+5:30","111","Deepika rajkumar ","7204069829","Jp nagar ","4","Non Veg","Wednesday;Saturday;Sunday","Onion;Tomato;Carrot;Potato;Brinjal;Beans;Cauliflower;Cabbage;Drumstick;Chilli","","Banana;Apple;Orange;Papaya;Grapes;Watermelon;Pomegranate;Guava","Rice;Ragi;Wheat;Maize;Barley","White rice","Milk;Curd;Buttermilk;Ice Cream","More than 2 kg",">22 kg","1-3 lt","METRO","weekly twice","monthly once",""
"2026/06/06 8:52:15 AM GMT+5:30","28","Shreya","9745550275","Andrahalli","2","Non Veg","Wednesday;Friday;Sunday","Onion;Tomato;Carrot;Potato;Okra","","Banana;Apple;Watermelon;Mango","Rice;Ragi;Wheat","White rice;Basmati;Idli/Dosa Rice","Curd;Panner;Buttermilk;Ice Cream","< 0.5 kg","3-6 kg","1-3 lt","LuLu Daily","weekly once","monthly once",""
"2026/06/06 11:07:14 AM GMT+5:30","13/1","Ashwini Bai","8050733740","Vasanthnagar","5","Non Veg","Wednesday;Sunday","Onion;Tomato;Potato;Beans;Drumstick","","Banana;Apple;Papaya;Watermelon;Pomegranate","Rice;Ragi;Wheat","White rice","Milk;Curd","< 0.5 kg","10-14 kg","1-3 lt","Flipkart Minutes","weekly twice","once in two weeks",""
"2026/06/06 11:09:01 AM GMT+5:30","13","Vimala Bai","9342717795","Vasanthnagar","5","Non Veg","Sunday","Tomato;Potato","","Orange;Grapes;Watermelon","Rice","White rice","Milk;Curd;Ice Cream","< 0.5 kg","10-14 kg","1-3 lt","Local kirana stores","weekly twice","once in two weeks",""
"2026/06/06 11:13:16 AM GMT+5:30","106","GOKUL PRAKASH T","9731397000","G M PALYA","3","Non Veg","Monday;Tuesday;Wednesday;Thursday;Sunday","Onion;Tomato;Carrot;Potato;Brinjal;Chilli","","Banana;Apple;Orange;Papaya;Pomegranate","Rice;Millets;Ragi;Wheat;Maize","White rice;Sona Masuri;Red rice/Rajamudi;Idli/Dosa Rice;Brown rice","Milk;Curd;Buttermilk","0.5 kg - 1 kg","6-10 kg","1-3 lt","Big Basket","weekly twice","weekly twice",""
"2026/06/06 11:17:43 AM GMT+5:30","108","Shruthi","9916818600","ISRO layout","3","Non Veg","Wednesday;Friday;Sunday","Onion;Tomato;Carrot;Potato;Beans;Cauliflower;Cabbage;Okra;Drumstick","","Banana;Apple;Papaya;Pomegranate;Guava","Rice;Jowar;Millets;Ragi;Wheat;Barley","White rice;Sona Masuri;Idli/Dosa Rice","Milk;Curd;Panner;Buttermilk;Ice Cream","< 0.5 kg","6-10 kg","1-3 lt","Flipkart Minutes","weekly once","weekly once",""
"2026/06/06 11:45:17 AM GMT+5:30","402","Riya","7411736503","Nayandhalli","4","Non Veg","Tuesday;Wednesday;Friday;Sunday","Onion;Tomato;Potato;Brinjal","","Apple;Grapes;Guava;plum mango","Rice;Wheat;Barley","Sona Masuri;Jeerige Sanna;Idli/Dosa Rice","Curd;Panner","1.5kg","6-10 kg","1-3 lt","Blinkit","weekly once","once in two weeks",""
"2026/06/06 11:47:32 AM GMT+5:30","385","Ramesh","+918040295384","Basaweshwarnagar","4","Veg","","Onion;Tomato;Carrot;Potato;Brinjal;Beans;Chilli","","Banana;Orange;Papaya;Grapes;Watermelon;Pomegranate","Rice;Millets;Ragi;Wheat","White rice;Basmati","Milk;Curd;Panner;Buttermilk;Ice Cream","O.4","10-14 kg","< 1lt","Local kirana stores","weekly once","once in two weeks",""
"2026/06/06 11:48:43 AM GMT+5:30","89","Vibha","9481636174","Rajarajeshwari nagar","6+","Non Veg","Wednesday;Sunday","Onion;Tomato;Potato;Cauliflower;Okra;Drumstick;Chilli","","Apple;Orange;Watermelon;Pomegranate;Guava;Muskmelon, mango","Rice;Millets;Wheat","White rice;Jeerige Sanna;Basmati;Idli/Dosa Rice","Milk;Panner;Ice Cream","3kg","18-22 kg","5-7 lt","Local kirana stores","weekly twice","once in two weeks",""
"2026/06/06 11:50:25 AM GMT+5:30","198","Geetha","9480259343","Rajajinagar","1","Non Veg","Tuesday;Wednesday;Thursday;Friday;Sunday","Onion;Tomato;Carrot;Potato;Brinjal;Beans;Cabbage;Chilli","","Banana;Apple;Orange;Papaya;Grapes;Pomegranate","Rice;Wheat","Sona Masuri","Milk;Curd;Panner;Buttermilk",".2","6-10 kg","5-7 lt","Local kirana stores;Reliance","weekly once","monthly once",""
"2026/06/06 11:54:03 AM GMT+5:30","10","Hemanth","7259585959","Vijayanagar","4","Non Veg","Wednesday;Friday;Sunday","Onion;Tomato;Carrot;Potato;Beans;Cabbage","","Banana;Orange;Papaya;Grapes;Guava","Rice;Ragi;Wheat","White rice;Sona Masuri;Basmati;Idli/Dosa Rice","Milk;Curd;Panner;Buttermilk;Ice Cream",".5","14-18 kg","5-7 lt","Local kirana stores;Reliance;D mart","weekly twice","monthly once",""
"2026/06/06 11:54:08 AM GMT+5:30","68","Tamana","2340887657","Chandra layout","6+","Jain","","Tomato;Beans;Okra;peas","","Pomegranate;Guava;Mango","Rice;Millets;Ragi;Wheat","White rice;Basmati;Idli/Dosa Rice","Milk;Ice Cream","2 kg",">22 kg","5-7 lt","Local kirana stores;K R Market;Blinkit;DMart Ready","weekly twice","once in two weeks",""
"2026/06/06 12:56:06 PM GMT+5:30","32","Sanjana K","7975826787","Konanakunte cross ","4","Eggetarian","","Onion;Tomato;Carrot;Beans;Chilli","","Banana;Apple;Pomegranate","Rice;Ragi;Wheat","White rice;Red rice/Rajamudi;Basmati;Idli/Dosa Rice","Milk;Curd;Panner;Buttermilk;Ice Cream","500 g","10-14 kg","5-7 lt","Local kirana stores;Reliance;JioMart","weekly once","monthly once",""
"2026/06/06 2:23:31 PM GMT+5:30","9","Reema","9845536890","Sarjapur Road","5","Veg","","Onion;Tomato;Potato;Brinjal;Cauliflower;Cabbage","","Banana;Orange;Watermelon;Pomegranate;Guava","Rice;Ragi;Wheat","Red rice/Rajamudi;Idli/Dosa Rice;Brown rice","Milk;Panner;Buttermilk","1 kg","14-18 kg","3-5 lt","LuLu Daily;D mart;Swiggy Instamart","weekly once","monthly once",""
"2026/06/06 2:26:31 PM GMT+5:30","198","Ramesh","9741350268","Rajajinagar","2","Veg","","Onion;Carrot;Cauliflower;Okra;Drumstick;Chilli","","Apple;Papaya;Grapes;Watermelon;Pomegranate;Guava","Rice;Jowar;Millets;Wheat","Sona Masuri;Jeerige Sanna","Milk;Panner;Buttermilk","0.5kg","6-10 kg","3-5 lt","K R Market;D mart;Flipkart Minutes","weekly once","weekly once",""
"2026/06/06 2:32:28 PM GMT+5:30","436","Arpitha","9845037348","Srinagar","6","Non Veg","Wednesday;Sunday","Onion;Tomato;Carrot;Potato;Beans;Chilli","","Apple;Papaya;Watermelon;Kiwi","Rice;Millets;Ragi;Wheat","Sona Masuri;Red rice/Rajamudi;Basmati","Milk;Panner;Ice Cream","1kg","18-22 kg","5-7 lt","Local kirana stores;METRO;D mart","weekly twice","once in two weeks",""
"2026/06/06 2:51:16 PM GMT+5:30","-","Kenneth ","9880242171","Doddakallasandra","4","Non Veg","Monday;Tuesday;Wednesday;Thursday;Friday;Saturday;Sunday","Onion;Tomato;Carrot;Potato;Beans;Chilli","","Banana;Apple;Orange;Papaya;Watermelon","Rice;Millets;Wheat","Sona Masuri;Red rice/Rajamudi","Ice Cream","0.5","3-6 kg","< 1lt","Local kirana stores;METRO;D mart;Zepto","weekly twice","monthly once",""
"2026/06/06 2:58:18 PM GMT+5:30","15","GEETHA","9343275549","Electronic City","2","Non Veg","Monday;Tuesday;Wednesday;Thursday;Friday;Saturday;Sunday","Onion;Tomato;Carrot;Potato;Brinjal;Beans;Bottle guard","","Banana;Apple;Watermelon","Rice;Jowar;Millets;Wheat;Sorghum","Jeerige Sanna;Basmati","Milk;Curd;Ice Cream","0.5","10-14 kg","> 7 lt","D mart","weekly twice","once in two weeks",""
"2026/06/06 6:02:23 PM GMT+5:30","A-457","Praveen ","9868473421","Delhi","5","Non Veg","Monday;Wednesday;Thursday;Friday;Saturday;Sunday","Onion;Tomato;Carrot;Potato;Beans;Cabbage;Okra;Chilli","","Banana;Orange;Watermelon;Pomegranate;Guava","Rice;Millets;Wheat","Basmati","Milk;Curd;Panner;Buttermilk;Ice Cream","0.5","14-18 kg","5-7 lt","D mart;Blinkit;Swiggy Instamart;Zepto","weekly twice","once in two weeks",""
"2026/06/06 6:03:59 PM GMT+5:30","A-457","Ashutosh","9868473421","Delhi","5","Non Veg","Monday;Wednesday;Thursday;Friday;Saturday;Sunday","Onion;Tomato;Carrot;Beans;Cabbage;Okra;Chilli","","Banana;Orange;Watermelon;Pomegranate;Guava","Rice;Millets;Wheat","White rice;Basmati","Milk;Curd;Panner;Buttermilk;Ice Cream","0.5","18-22 kg","5-7 lt","Blinkit;Swiggy Instamart;JioMart;Zepto","weekly twice","once in two weeks",""
"2026/06/06 6:08:22 PM GMT+5:30","240","Gowtham M S","9535197690","Nagarbhavi","4","Eggetarian","","Onion;Tomato;Carrot;Potato;Beans;Cabbage;Okra;Drumstick;Chilli","","Banana;Apple;Papaya;Grapes;Pomegranate;Litchi, passionfruit","Rice;Millets;Ragi;Wheat","Sona Masuri;Jeerige Sanna;Red rice/Rajamudi;Basmati;Idli/Dosa Rice","Milk;Curd;Panner;Buttermilk",".5","14-18 kg","> 7 lt","Local kirana stores;METRO;Reliance;D mart;Blinkit","weekly once","monthly once",""
"2026/06/06 6:48:48 PM GMT+5:30","16/2, 16TH CROSS","MEENA.S","9986922887","BANASHANKARI 2ND STAGE","4","Non Veg","Wednesday;Sunday","Onion;Tomato;Carrot;Potato;Brinjal;Beans;Cauliflower;Cabbage;Chilli","","Banana;Apple;Orange;Papaya;Grapes","Rice;Millets;Ragi;Wheat;Barley","White rice;Red rice/Rajamudi;Brown rice","Milk;Curd;Panner;Ice Cream","HALF KG","6-10 kg","3-5 lt","Local kirana stores","weekly twice","monthly once",""
"2026/06/06 6:49:06 PM GMT+5:30","504","Vani","8453805643","Doddakallasandra","3","Non Veg","Wednesday;Sunday","Onion;Tomato;Carrot;Beans;Chilli","","Banana;Apple;Papaya;Guava","Rice;Millets;Ragi;Wheat;Barley","Sona Masuri","Milk;Curd","1/2 kg","10-14 kg","5-7 lt","Local kirana stores","weekly once","monthly once",""
"2026/06/06 8:29:41 PM GMT+5:30","B605, Renaissance park 3 apartments ","Sharanya C Bharadwaj ","9380104818","Malleswaram ","4","Veg","","Onion;Tomato;Carrot;Potato;Beans;Cabbage;Chilli","","Banana;Apple;Orange;Watermelon;Guava","Rice","White rice;Brown rice","Milk;Curd;Ice Cream","200 grams","6-10 kg","5-7 lt","Blinkit;Swiggy Instamart;Zepto","weekly twice","weekly twice",""
"2026/06/07 10:10:47 PM GMT+5:30","213","Sama ","7839922256","Kormangala ","5","Non Veg","Sunday","Onion;Tomato","","Banana;Apple;Papaya","Rice;Wheat","White rice;Jeerige Sanna","Milk","2","6-10 kg","< 1lt","Local kirana stores","weekly twice","weekly once",""
"2026/06/08 4:39:17 PM GMT+5:30","No. 32","Raghunath Ambi","9886167475","Vijayanagar","3","Eggetarian","","Onion;Tomato;Brinjal;Cabbage;Drumstick;Chayote Squash","","Banana;Apple;Orange;Papaya;Guava","Rice;Jowar;Millets;Ragi;Wheat","White rice;Red rice/Rajamudi;Idli/Dosa Rice","Curd;Buttermilk","0.250","6-10 kg","< 1lt","Local kirana stores;Reliance;D mart","weekly twice","weekly once",""
"2026/06/18 11:03:16 AM GMT+5:30","#109/2","Yashaswini ","9448675392","Andrahalli","3","Non Veg","Sunday","Onion;Tomato;Carrot;Potato;Brinjal;Beans;Cauliflower;Cabbage","","Banana;Apple;Watermelon","Millets;Ragi;Maize","White rice;Red rice/Rajamudi;Idli/Dosa Rice","Curd;Panner;Buttermilk;Ice Cream","1","14-18 kg","< 1lt","D mart;Blinkit","once in two weeks","once in two weeks",""
"2026/06/23 11:48:32 AM GMT+5:30","#12","Dhatri","7676786383","uttarahalli","4","Veg","","Onion;Tomato;Carrot;Potato;Brinjal;Beans;Cabbage;Drumstick;Chilli","1 - 2kg","Banana;Apple;Papaya;Pomegranate;Guava","Rice;Jowar;Millets;Ragi;Wheat","White rice;Red rice/Rajamudi;Basmati;Idli/Dosa Rice","Milk;Curd;Ice Cream","0.5","6-10 kg","5-7 lt","Local kirana stores;K R Market;Gandhi Bazaar;D mart;Blinkit;Swiggy Instamart;Flipkart Minutes;Zepto","weekly once","weekly once","Nanditha"
"2026/06/23 11:50:05 AM GMT+5:30","Electronic City-1","Nethra ","9008087330","Electronic City-1","6","Eggetarian","","Onion;Tomato;Carrot;Potato;Okra;Drumstick;Chilli","4+ kg","Banana;Pomegranate;Guava","Rice;Jowar;Millets;Ragi;Wheat","Sona Masuri;Basmati;Idli/Dosa Rice;Brown rice","Milk;Curd","(0.5-1) kg","10-14 kg","> 7 lt","D mart;Swiggy Instamart;Big Basket;DMart Ready;Zepto","weekly once","once in two weeks","Nanditha"
"2026/06/23 11:54:31 AM GMT+5:30","3","Madhu ","7411089465","Vijayanagar","4","Non Veg","Monday;Tuesday;Wednesday;Thursday;Friday;Sunday","Onion;Tomato;Beans;Drumstick;Chilli","2 - 3kg","Banana;Papaya","Rice;Ragi;Wheat","Sona Masuri","Milk;Curd;Buttermilk;Ice Cream","2","10-14 kg","1-3 lt","Local kirana stores;K R Market","once in two weeks","once in two weeks","Monish "
"2026/06/23 11:57:16 AM GMT+5:30","43","PRADEEP M DODDAKARAGI ","6360771019","Haveri","4","Veg","","Onion;Tomato;Carrot;Potato;Brinjal;Cauliflower;Cabbage","2 - 3kg","Banana;Apple;Orange;Papaya;Guava","Rice;Jowar;Ragi;Wheat;Maize","White rice;Sona Masuri;Red rice/Rajamudi","Milk;Curd;Panner","1kg","18-22 kg","5-7 lt","Local kirana stores;More Mega Store","weekly twice","weekly once","Monish"
"2026/06/23 12:12:31 PM GMT+5:30","34","Neeharika","8073075990","Doddakallasandra","3","Non Veg","Sunday","Onion;Tomato;Potato;Cauliflower;Cabbage;Chilli","2 - 3kg","Banana;Apple;Grapes;Guava;Mango","Rice;Ragi;Wheat","White rice","Milk;Curd;Panner;Buttermilk;Ice Cream","0.5","10-14 kg","5-7 lt","Local kirana stores;Blinkit;Amazon Fresh & Amazon Now;Big Market","weekly twice","weekly twice","Nanditha A"
"2026/06/23 12:29:59 PM GMT+5:30","110","Pradyumna","9742460077","Bannerghatta","","Veg","","Onion;Tomato;Carrot;Potato;Brinjal;Beans","1 - 2kg","Banana;Apple;Orange;Papaya;Grapes","Rice","White rice","Ice Cream","1","10-14 kg","< 1lt","Local kirana stores","weekly once","weekly once","Nanditha"
"2026/06/23 12:43:50 PM GMT+5:30","50","Vasantha","8197018559","D group vidyamanyanagar","4","Non Veg","Wednesday;Sunday","Onion;Tomato;Carrot;Potato;Brinjal;Beans;Cauliflower;Cabbage;Okra;Drumstick;Chilli","4+ kg","Banana;Apple;Orange;Papaya;Grapes;Watermelon;Pomegranate;Guava","Rice;Ragi;Wheat","White rice;Red rice/Rajamudi;Idli/Dosa Rice;Brown rice","Milk;Curd;Panner;Buttermilk;Ice Cream","0.75","18-22 kg","> 7 lt","METRO;More Mega Store;D mart;Blinkit;Big Basket;Zepto","Once every two days","monthly once","MONISH R"
"2026/06/23 12:45:07 PM GMT+5:30","0205","Priyanka ","8310313537","Jp nagar 8th phase ","5","Non Veg","Sunday","Onion;Tomato;Carrot;Potato;Brinjal;Beans;Cauliflower;Cabbage;Chilli","4+ kg","Banana;Apple;Orange;Watermelon;Pomegranate","Rice;Jowar;Millets;Ragi;Wheat;Maize;Barley","White rice","Milk;Curd;Panner;Buttermilk;Ice Cream","0.5–0.8 kg per day",">22 kg","5-7 lt","Local kirana stores","weekly twice","monthly once","Nanditha "
"2026/06/23 12:45:59 PM GMT+5:30","#52","Manyatha.R","6361718489","D group employees layout ","4","Non Veg","Tuesday;Wednesday;Thursday;Sunday","Onion;Tomato;Carrot;Potato;Drumstick;Chilli","4+ kg","Banana;Apple;Papaya;Guava;Mango","Rice;Ragi;Wheat","Sona Masuri","Milk;Curd;Panner;Ice Cream","15kgs","14-18 kg","3-5 lt","D mart;Blinkit","Weekly thrice","5months once","Monish"
"2026/06/23 12:49:53 PM GMT+5:30","51","Arya","8660476285","D group","4","Non Veg","Tuesday;Wednesday;Thursday;Friday;Sunday","Onion;Tomato;Carrot;Potato;Brinjal;Beans;Cauliflower;Cabbage;Okra;Drumstick;Chilli","4+ kg","Banana;Apple;Orange;Papaya;Grapes;Watermelon;Pomegranate;Guava","Rice;Wheat;Maize;Barley","White rice;Sona Masuri;Red rice/Rajamudi;Basmati;Brown rice","Milk;Curd;Panner;Buttermilk;Ice Cream","1",">22 kg","> 7 lt","Amazon Fresh & Amazon Now;JioMart;Big Basket;DMart Ready;Zepto","weekly twice","once in two weeks","Monish R"
"2026/06/23 1:15:30 PM GMT+5:30","49","Chinmayee CM ","8197922861","Tumkur ","6+","Non Veg","Tuesday;Wednesday;Thursday;Friday;Sunday","Onion;Tomato;Carrot;Potato;Beans;Chilli","2 - 3kg","Banana;Apple;Watermelon;Pomegranate;Guava","Rice;Millets;Ragi;Wheat","White rice;Sona Masuri;Red rice/Rajamudi;Idli/Dosa Rice","Milk;Curd;Panner;Buttermilk;Ice Cream","1kg",">22 kg","5-7 lt","Local kirana stores;Reliance;D mart","weekly twice","monthly once","Nanditha"