family_size,meat_days,milk_per_week,vegetable_frequency,grocery_frequency,milk_per_person,vegetable_count,fruit_count,grain_count,dairy_count,store_count,veg_beans,"veg_bottle_gourd,",veg_bottle_guard,veg_brinjal,veg_cabbage,veg_carrot,veg_cauliflower,veg_chayote_squash,veg_chilli,veg_cucumber,veg_drumstick,veg_greens,veg_hagalkai,veg_okra,veg_onion,veg_peas,veg_potato,veg_tomato,veg_zukkini,fruits_apple,fruits_banana,fruits_blue_berry,fruits_grapes,fruits_guava,fruits_jammun,fruits_kiwi,fruits_litchi,fruits_lychee,fruits_mango,fruits_mangos_during_season,fruits_muskmelon,fruits_orange,fruits_papaya,fruits_passionfruit,fruits_plum,fruits_plum_mango,fruits_pomegranate,fruits_strawberry,fruits_watermelon,store_all_of_this,store_amazon_fresh,store_amazon_now,store_big_market,store_bigbasket,store_blinkit,store_dmart,store_dmart_ready,store_flipkart_minutes,store_from_our_coffee_estate,store_gandhi_bazaar,store_general_stores,store_jio_mart,store_k_r_market,store_local_kirana_stores,store_lulu_daily,store_metro,store_more_mega_store,store_reliance_fresh,store_shoprite_mall,store_swiggy_instamart,store_zepto,dairy_buttermilk,dairy_curd,dairy_ice_cream,dairy_milk,dairy_panner,diet_Eggetarian,diet_Non_Vegetarian,diet_Pescatarian,diet_Vegan,diet_Vegetarian,diet_jain,zone_Central,zone_East,zone_North,zone_South,zone_West,grain_barley,grain_jawar,grain_jowar,grain_maize,grain_millets,grain_ragi,grain_rice,grain_sorghum,grain_wheat,rice_basmati,rice_black_rice,rice_brown_rice,rice_bullet_rice,rice_idli_dosa_rice,rice_jeerige_sanna,rice_madhusanna,rice_red_rice_rajamudi,rice_sona_masuri,rice_white_rice
4.0,wednesday;friday;sunday,5.0,3.0,4.0,1.25,6,6,4,5,1,1,0,0,0,0,1,0,0,1,0,0,0,0,0,1,0,1,1,0,1,1,0,1,0,0,0,0,0,0,0,0,1,0,0,0,0,1,0,1,0,0,0,0,0,0,0,0,0,0,0,0,0,0,0,0,1,0,0,0,0,0,1,1,1,1,1,False,True,False,False,False,False,False,False,False,True,False,0,0,0,0,1,1,1,0,1,1,0,1,0,0,0,0,0,0,1
5.0,not_applicable,5.0,4.0,3.0,1.0,7,6,4,3,1,1,0,0,0,1,1,0,0,0,0,1,0,0,0,1,0,1,1,0,1,1,0,0,1,0,1,0,0,0,0,0,1,1,0,0,0,0,0,0,0,0,0,0,0,0,0,0,0,0,0,0,0,0,1,0,0,0,0,0,0,0,0,1,0,1,1,False,False,False,False,True,False,False,False,False,True,False,1,0,0,0,1,1,1,0,0,0,0,0,0,0,0,0,0,0,1
4.0,not_applicable,3.0,3.0,4.0,0.75,5,5,4,5,1,1,0,0,0,0,1,0,0,1,0,0,0,0,0,0,0,1,1,0,1,1,0,0,1,0,0,0,0,0,0,0,1,1,0,0,0,0,0,0,0,0,0,0,0,1,0,0,0,0,0,0,0,0,0,0,0,0,0,0,0,0,1,1,1,1,1,False,False,False,False,True,False,False,False,False,True,False,0,1,0,0,1,0,1,0,1,0,0,1,0,1,0,0,0,1,1
3.0,wednesday;friday;saturday;sunday,1.0,3.0,3.0,0.33,8,3,4,5,1,1,0,0,1,1,1,0,0,1,0,0,0,0,0,1,0,1,1,0,1,1,0,0,0,0,0,0,0,1,0,0,0,0,0,0,0,0,0,0,0,0,0,0,0,0,0,0,0,0,0,0,0,0,0,1,0,0,0,0,0,0,1,1,1,1,1,False,True,False,False,False,False,False,False,False,True,False,0,0,0,0,1,1,1,0,1,0,0,0,0,0,0,0,1,0,0
4.0,not_applicable,7.0,3.0,3.0,1.75,5,4,4,2,2,1,0,0,0,1,1,0,0,0,0,0,0,0,0,1,0,0,1,0,1,1,0,0,0,0,0,0,0,0,0,0,1,1,0,0,0,0,0,0,0,1,1,0,0,0,0,0,0,0,0,0,0,0,0,0,0,0,0,0,0,0,0,1,0,1,0,True,False,False,False,False,False,False,False,False,False,True,0,0,0,1,1,0,1,0,1,0,0,0,0,1,0,0,0,1,1
2.0,tuesday;wednesday;saturday;sunday,7.0,3.0,3.0,3.5,6,5,5,5,1,0,0,0,0,0,1,0,0,1,0,1,0,0,0,1,0,1,1,0,1,1,0,0,0,0,0,0,0,0,0,0,1,1,0,0,0,0,0,1,0,0,0,0,0,0,1,0,0,0,0,0,0,0,0,0,0,0,0,0,0,0,1,1,1,1,1,False,True,False,False,False,False,False,False,False,True,False,0,1,0,1,0,1,1,0,1,0,0,1,0,0,0,0,0,1,1
4.0,monday;tuesday;wednesday;thursday;sunday,1.0,3.0,4.0,0.25,6,5,2,1,1,1,0,0,0,0,0,0,0,1,0,1,0,0,0,1,0,1,1,0,1,1,0,0,0,0,0,0,0,0,0,0,1,1,0,0,0,0,0,1,0,0,0,0,0,0,0,0,0,0,0,0,0,0,1,0,0,0,0,0,0,0,0,0,0,1,0,False,True,False,False,False,False,False,False,False,False,True,0,0,0,0,0,0,1,0,1,0,0,1,0,0,0,0,0,0,0
3.0,monday;tuesday;wednesday;thursday;friday;saturday;sunday,1.0,3.0,4.0,0.33,6,5,4,5,2,0,0,0,0,1,0,0,0,1,0,1,0,0,0,1,0,1,1,0,1,1,0,1,0,0,0,0,0,0,0,0,1,0,0,0,0,0,0,1,0,1,1,0,0,0,0,0,0,0,0,0,0,0,0,0,0,0,0,0,0,0,1,1,1,1,1,False,True,False,False,False,False,False,True,False,False,False,0,0,0,1,0,1,1,0,1,1,0,0,0,1,0,0,0,0,1
6.0,monday;tuesday;wednesday;thursday;friday;saturday;sunday,3.0,4.0,4.0,0.5,11,8,8,5,1,1,0,0,1,1,1,1,0,1,0,1,0,0,1,1,0,1,1,0,1,1,0,1,1,0,0,0,0,0,0,0,1,1,0,0,0,1,0,1,0,0,0,0,0,0,0,1,0,0,0,0,0,0,0,0,0,0,0,0,0,0,1,1,1,1,1,False,True,False,False,False,False,True,False,False,False,False,1,1,0,1,1,1,1,1,1,1,1,1,0,1,1,1,1,1,1
3.0,monday;tuesday;wednesday;thursday;friday;saturday;sunday,7.0,3.0,3.0,2.33,12,8,6,5,1,1,0,0,1,1,1,1,0,1,0,1,0,0,1,1,0,1,1,1,1,1,0,1,1,0,0,0,0,0,0,0,1,1,0,0,0,1,0,1,0,0,0,0,0,1,0,0,0,0,0,0,0,0,0,0,0,0,0,0,0,0,1,1,1,1,1,False,True,False,False,False,False,False,False,False,True,False,1,0,0,1,1,1,1,0,1,0,0,1,0,0,0,0,0,0,0
4.0,monday;tuesday;wednesday;thursday;friday;sunday,5.0,3.0,4.0,1.25,6,5,4,4,1,0,0,0,0,0,1,0,0,1,0,1,0,0,0,1,0,1,1,0,1,1,0,0,1,0,0,0,0,0,0,0,1,0,0,0,0,0,0,1,0,0,0,0,0,0,0,0,0,0,0,0,0,0,0,0,0,0,0,0,0,1,0,1,1,1,1,False,True,False,False,False,False,False,False,False,True,False,0,0,0,0,1,1,1,0,1,0,0,1,0,1,0,0,1,1,1
6.0,monday;tuesday;wednesday;thursday;friday;sunday,5.0,3.0,4.0,0.83,11,7,3,5,1,1,0,0,1,1,1,1,0,1,0,1,0,0,1,1,0,1,1,0,1,1,0,1,0,0,0,0,0,0,0,0,1,1,0,0,0,1,0,1,0,0,0,0,0,0,1,0,0,0,0,0,0,0,0,0,0,0,0,0,0,0,1,1,1,1,1,False,True,False,False,False,False,False,True,False,False,False,0,1,0,0,0,1,1,0,0,1,0,0,0,1,0,0,0,0,0
4.0,not_applicable,7.0,3.0,3.0,1.75,11,6,2,4,1,1,0,0,1,1,1,1,0,1,0,1,0,0,1,1,0,1,1,0,1,1,0,1,0,0,0,0,0,0,0,0,1,1,0,0,0,0,0,1,0,0,0,0,0,0,0,0,0,0,0,0,0,0,0,0,0,0,0,1,0,0,0,1,1,1,1,False,False,False,False,True,False,True,False,False,False,False,0,0,0,0,0,0,1,0,1,0,0,0,0,0,0,0,0,0,1
4.0,monday;tuesday;wednesday;thursday;friday;saturday;sunday,5.0,3.0,3.0,1.25,8,3,1,2,1,1,0,0,1,1,1,0,0,1,0,0,0,0,0,1,0,1,1,0,1,1,0,0,0,0,0,0,0,0,0,0,0,1,0,0,0,0,0,0,0,0,0,0,0,0,1,0,0,0,0,0,0,0,0,0,0,0,0,0,0,0,0,1,0,1,0,False,True,False,False,False,False,False,True,False,False,False,0,0,0,0,0,0,1,0,0,0,0,1,0,1,0,0,0,0,1
4.0,wednesday;sunday,1.0,3.0,4.0,0.25,6,5,3,5,1,0,0,0,1,0,1,1,0,0,0,0,0,0,0,1,0,1,1,0,0,1,0,1,1,0,0,0,0,0,0,0,0,1,0,0,0,0,0,1,0,0,0,0,0,0,1,0,0,0,0,0,0,0,0,0,0,0,0,0,0,0,1,1,1,1,1,False,True,False,False,False,False,False,False,False,False,True,0,0,0,0,0,1,1,0,1,0,0,0,0,0,0,0,0,1,0
5.0,not_applicable,5.0,3.0,4.0,1.0,6,5,5,3,1,1,0,0,0,0,1,0,0,1,0,0,0,0,0,1,0,1,1,0,1,1,0,0,0,0,0,0,0,0,0,0,1,1,0,0,0,1,0,0,0,0,0,0,0,0,1,0,0,0,0,0,0,0,0,0,0,0,0,0,0,0,0,0,1,1,1,True,False,False,False,False,False,False,False,False,True,False,0,1,0,0,1,1,1,0,1,0,0,0,0,0,0,0,0,0,1
3.0,tuesday;wednesday;thursday;sunday,1.0,3.0,3.0,0.33,5,6,3,4,1,0,0,0,0,0,1,0,0,1,0,0,0,0,0,1,0,1,1,0,1,1,0,0,0,0,0,0,0,0,0,0,1,1,0,0,0,1,0,1,0,0,0,0,0,0,1,0,0,0,0,0,0,0,0,0,0,0,0,0,0,0,1,1,0,1,1,False,True,False,False,False,False,False,False,False,True,False,0,0,0,0,0,1,1,0,1,0,0,0,0,0,1,0,0,1,0
5.0,wednesday;thursday;friday;sunday,5.0,3.0,3.0,1.0,6,4,5,5,1,1,0,0,0,0,1,0,0,1,0,0,0,0,0,1,0,1,1,0,1,1,0,0,0,0,0,0,0,0,0,0,1,0,0,0,0,0,0,1,0,0,0,0,0,0,0,0,0,0,0,0,0,0,0,0,0,0,0,0,0,1,1,1,1,1,1,False,True,False,False,False,False,False,False,False,True,False,0,0,0,1,1,1,1,0,1,0,0,0,0,1,1,0,0,1,1
5.0,not_applicable,3.0,3.0,4.0,0.6,6,5,5,5,1,0,0,0,1,0,1,0,0,1,0,0,0,0,0,1,0,1,1,0,1,1,0,0,0,0,0,0,0,0,0,0,0,1,0,0,0,1,0,1,0,0,0,0,0,0,0,0,0,0,0,0,0,0,1,0,0,0,0,0,0,0,1,1,1,1,1,True,False,False,False,False,False,False,False,False,False,True,0,1,0,0,1,1,1,0,1,0,0,0,0,0,0,0,0,0,1
6.0,tuesday;wednesday;friday;sunday,5.0,3.0,4.0,0.83,11,8,8,4,1,1,0,0,1,1,1,1,0,1,0,1,0,0,1,1,0,1,1,0,1,1,0,1,1,0,0,0,0,0,0,0,1,1,0,0,0,1,0,1,0,0,0,0,0,0,0,0,0,0,0,0,0,0,0,0,1,0,0,0,0,0,0,1,1,1,1,False,True,False,False,False,False,False,True,False,False,False,1,1,0,1,1,1,1,1,1,1,0,0,0,0,0,1,1,1,1
6.0,monday;tuesday;wednesday;thursday;friday;saturday;sunday,3.0,3.0,4.0,0.5,12,6,3,3,2,1,0,0,1,1,1,1,0,1,0,1,0,1,1,1,0,1,1,0,1,1,0,0,1,0,0,0,0,1,0,0,1,0,0,0,0,0,0,1,0,1,1,0,0,0,0,0,0,0,0,0,0,0,0,0,0,0,0,0,0,0,1,1,0,1,0,False,False,False,False,False,True,False,False,False,False,True,1,0,0,0,0,1,0,0,1,1,0,1,0,1,0,0,0,0,1
4.0,not_applicable,3.0,3.0,4.0,0.75,6,5,3,5,1,0,0,0,0,0,1,1,0,1,0,0,0,0,0,1,0,1,1,0,1,1,0,0,1,0,0,0,0,0,0,0,1,0,0,0,0,1,0,0,0,0,0,0,0,1,0,0,0,0,0,0,0,0,0,0,0,0,0,0,0,0,1,1,1,1,1,False,False,False,False,True,False,False,False,False,True,False,0,0,0,0,0,1,1,0,1,0,0,1,0,1,0,0,0,0,1
4.0,wednesday;sunday,3.0,3.0,3.0,0.75,5,5,3,4,1,1,0,0,0,0,0,0,0,1,0,0,0,0,0,1,0,1,1,0,1,1,0,0,1,0,0,0,0,0,0,0,0,1,0,0,0,0,0,1,0,0,0,0,0,0,0,1,0,0,0,0,0,0,0,0,0,0,0,0,0,0,1,1,0,1,1,False,True,False,False,False,False,False,False,False,False,True,0,0,0,0,0,1,1,0,1,0,0,0,0,0,0,0,0,1,0
4.0,tuesday;wednesday;sunday,5.0,3.0,3.0,1.25,9,8,3,4,1,1,0,0,0,0,1,0,0,1,0,1,0,0,1,1,0,1,1,0,1,1,0,1,1,0,0,0,0,0,0,0,1,1,0,0,0,1,0,1,0,0,0,0,0,0,0,0,0,0,0,0,0,0,0,0,0,1,0,0,0,0,0,1,1,1,1,False,True,False,False,False,False,True,False,False,False,False,0,0,0,0,0,1,1,0,1,0,0,1,0,0,0,0,0,1,0
3.0,wednesday;friday;sunday,1.0,3.0,3.0,0.33,7,6,3,5,1,1,0,0,1,0,1,0,0,1,0,0,0,0,0,1,0,1,1,0,0,1,0,1,0,0,0,0,0,1,0,0,0,1,0,0,0,1,0,1,0,0,0,0,0,0,0,1,0,0,0,0,0,0,0,0,0,0,0,0,0,0,1,1,1,1,1,False,True,False,False,False,False,False,False,False,False,True,0,0,0,0,0,1,1,0,1,0,0,0,0,1,0,0,0,0,1
2.0,not_applicable,1.0,3.0,3.0,0.5,10,5,2,3,1,1,0,0,1,1,1,1,0,1,0,1,0,0,0,1,0,1,1,0,0,1,0,1,1,0,0,0,0,0,0,0,0,1,0,0,0,1,0,0,0,0,0,0,0,0,0,0,0,0,0,0,0,0,1,0,0,0,0,0,0,0,1,1,0,1,0,False,False,False,False,True,False,False,False,False,False,True,0,0,0,0,0,0,1,0,1,0,0,0,0,0,0,0,0,0,1
4.0,monday;tuesday;wednesday;friday;sunday,7.0,3.0,3.0,1.75,6,4,4,4,1,1,0,0,1,0,1,0,0,0,0,0,0,0,0,1,0,1,1,0,1,1,0,1,0,0,0,0,0,0,0,0,1,0,0,0,0,0,0,0,0,0,0,0,0,0,0,0,1,0,0,0,0,0,0,0,0,0,0,0,0,0,0,1,1,1,1,False,True,False,False,False,False,False,False,False,False,True,0,0,0,1,1,0,1,0,1,1,0,0,0,1,0,0,1,1,1
5.0,monday;tuesday;wednesday;thursday;friday;saturday;sunday,5.0,3.0,3.0,1.0,7,5,2,3,1,1,0,0,0,1,0,0,0,1,0,0,0,0,1,1,0,1,1,0,0,1,0,1,1,0,0,0,0,0,0,0,1,0,0,0,0,0,0,1,0,0,0,0,0,0,1,0,0,0,0,0,0,0,0,0,0,0,0,0,0,0,0,1,1,1,0,False,True,False,False,False,False,False,True,False,False,False,0,0,0,0,0,0,1,0,1,0,0,1,0,1,0,0,1,0,0
1.0,tuesday;wednesday;friday;sunday,1.0,3.0,3.0,1.0,5,4,4,5,1,0,0,0,0,0,1,0,0,1,0,0,0,0,0,1,0,1,1,0,1,1,0,0,0,0,0,0,0,0,0,0,1,0,0,0,0,0,0,1,0,0,0,0,0,0,0,0,0,0,0,0,0,0,1,0,0,0,0,0,0,0,1,1,1,1,1,False,True,False,False,False,False,False,False,False,True,False,0,0,0,0,1,1,1,0,1,1,0,1,0,1,0,0,0,0,1
5.0,wednesday;sunday,3.0,3.0,3.0,0.6,6,7,3,2,1,1,0,0,0,0,0,0,0,1,0,1,0,0,0,1,0,1,1,0,1,1,0,0,1,0,0,0,0,0,0,0,1,1,0,0,0,1,0,1,0,0,0,0,0,0,0,0,0,0,0,0,0,0,1,0,0,0,0,0,0,0,0,1,0,1,0,False,True,False,False,False,False,False,False,False,False,True,0,0,0,0,0,1,1,0,1,0,0,0,0,1,0,0,1,1,0
5.0,wednesday;sunday,3.0,3.0,3.0,0.6,6,6,3,2,1,0,0,0,0,0,1,0,0,1,0,1,0,0,0,1,0,1,1,0,1,1,0,0,1,0,0,0,0,0,0,0,1,1,0,0,0,1,0,0,0,0,0,0,0,0,0,0,0,0,0,0,0,0,1,0,0,0,0,0,0,0,0,1,0,1,0,False,True,False,False,False,False,False,False,False,False,True,0,0,0,0,0,1,1,0,1,0,0,0,0,0,0,0,0,1,0
3.0,tuesday;wednesday;friday;sunday,1.0,3.0,3.0,0.33,6,5,3,5,1,0,0,0,1,0,0,0,0,1,0,0,0,0,1,1,0,1,1,0,1,0,0,1,0,0,0,0,0,0,0,0,1,0,0,0,0,1,0,1,0,0,0,0,0,0,1,0,0,0,0,0,0,0,0,0,0,0,0,0,0,0,1,1,1,1,1,False,False,True,False,False,False,False,False,False,False,True,0,0,0,1,0,0,1,0,1,1,0,0,0,1,0,0,0,1,1
5.0,wednesday;friday;sunday,5.0,3.0,3.0,1.0,6,5,4,4,1,1,0,0,1,0,1,0,0,0,0,0,0,0,0,1,0,1,1,0,0,1,0,1,1,0,0,0,0,0,0,0,0,1,0,0,0,1,0,0,0,0,0,0,0,0,0,0,0,0,0,0,0,0,1,0,0,0,0,0,0,0,1,1,0,1,1,False,True,False,False,False,False,False,False,False,False,True,0,0,1,0,0,1,1,0,1,0,0,0,0,0,0,0,0,0,1
3.0,wednesday;sunday,1.0,3.0,4.0,0.33,6,5,6,3,1,1,0,0,0,0,0,0,0,1,0,1,0,0,0,1,0,1,1,0,1,1,0,0,1,0,0,0,0,0,0,0,1,1,0,0,0,0,0,0,0,0,0,0,0,0,1,0,0,0,0,0,0,0,0,0,0,0,0,0,0,0,0,1,0,1,1,False,True,False,False,False,False,False,False,True,False,False,1,0,1,1,1,0,1,0,1,0,0,1,0,1,1,0,0,1,0
5.0,sunday,7.0,3.0,3.0,1.4,7,6,4,4,2,0,0,0,0,0,1,1,0,0,0,1,0,0,1,1,0,1,1,0,1,1,0,0,1,0,0,0,0,0,0,0,0,1,0,0,0,1,0,1,0,1,1,0,0,0,0,0,0,0,0,0,0,0,0,0,0,0,0,0,0,0,0,1,1,1,1,False,True,False,False,False,False,False,True,False,False,False,1,0,0,0,0,1,1,0,1,0,0,0,0,0,0,0,0,0,1
3.0,wednesday;sunday,1.0,3.0,3.0,0.33,6,5,3,2,1,1,0,0,0,0,1,0,0,1,0,0,0,0,0,1,0,1,1,0,1,1,0,0,0,0,0,0,0,0,0,0,1,1,0,0,0,1,0,0,0,0,0,0,0,0,0,0,0,0,0,0,0,0,0,0,0,0,0,0,0,1,0,1,0,1,0,False,True,False,False,False,False,False,False,True,False,False,0,0,0,0,0,1,1,0,1,0,0,0,0,0,0,0,0,1,0
5.0,wednesday;sunday,7.0,3.0,4.0,1.4,11,5,3,3,1,1,0,0,1,1,1,1,0,1,0,1,0,0,1,1,0,1,1,0,0,1,0,0,0,0,0,0,0,0,1,0,1,1,0,0,0,0,0,1,0,0,0,0,0,0,0,0,0,0,0,0,0,0,1,0,0,0,0,0,0,0,0,1,0,1,1,False,True,False,False,False,False,False,False,False,False,True,0,0,0,0,0,1,1,0,1,0,0,0,0,1,0,0,0,1,0
6.0,wednesday;friday;sunday,1.0,3.0,4.0,0.17,6,5,6,5,1,1,0,0,0,0,0,0,0,1,0,1,0,0,0,1,0,1,1,0,1,1,0,0,1,0,0,0,0,0,0,0,1,0,0,0,0,1,0,0,0,0,0,0,0,0,0,0,0,0,0,0,0,0,0,0,0,0,0,0,0,1,1,1,1,1,1,False,True,False,False,False,False,False,False,False,True,False,1,0,0,0,1,1,1,1,1,1,0,1,0,0,0,0,0,0,1
5.0,monday;tuesday;wednesday;thursday;friday;saturday;sunday,7.0,3.0,4.0,1.4,5,6,1,5,2,0,0,0,0,0,1,0,0,1,0,0,0,0,0,1,0,1,1,0,1,0,0,1,0,0,0,0,0,0,0,0,1,1,0,0,0,1,0,1,0,1,1,0,0,0,0,0,0,0,0,0,0,0,0,0,0,0,0,0,0,0,1,1,1,1,1,False,True,False,False,False,False,False,False,False,False,True,0,0,0,0,0,0,0,0,1,1,0,0,0,0,1,0,0,0,1
5.0,tuesday;wednesday;sunday,1.0,3.0,4.0,0.2,7,8,4,3,1,1,0,0,1,0,1,0,0,1,0,0,0,0,0,1,0,1,1,0,1,1,0,1,1,0,0,0,0,0,0,0,1,1,0,0,0,1,0,1,0,0,0,0,0,0,0,0,0,0,0,0,0,0,1,0,0,0,0,0,0,0,1,1,0,1,0,False,False,False,False,True,False,False,False,False,False,True,0,0,0,0,1,1,1,0,1,0,0,0,0,0,0,0,0,0,1
4.0,,1.0,3.0,3.0,0.25,6,5,4,2,1,1,0,0,0,0,1,0,0,0,0,1,0,0,0,1,0,1,1,0,1,1,0,1,0,0,0,0,0,0,0,0,1,0,0,0,0,0,1,0,0,0,0,0,0,0,0,0,0,0,0,0,0,0,0,0,0,0,1,0,0,0,0,1,0,1,0,False,False,True,False,False,False,True,False,False,False,False,1,0,0,0,1,1,1,0,0,0,0,0,0,0,0,0,1,0,1
3.0,not_applicable,1.0,3.0,4.0,0.33,3,2,1,5,1,0,0,0,0,0,0,0,0,0,0,0,0,0,0,1,0,1,1,0,1,1,0,0,0,0,0,0,0,0,0,0,0,0,0,0,0,0,0,0,0,0,0,0,0,0,0,0,0,0,0,0,0,0,0,0,0,0,0,0,0,1,1,1,1,1,1,False,False,False,False,True,False,False,True,False,False,False,0,0,0,0,0,0,1,0,0,0,0,0,0,0,0,0,1,0,1
2.0,wednesday;friday;sunday,3.0,4.0,3.0,1.5,7,5,5,3,1,0,0,0,0,1,1,1,0,1,0,0,0,0,0,1,0,1,1,0,1,1,0,1,0,0,0,0,0,0,0,0,1,0,0,0,0,1,0,0,0,0,0,0,0,0,1,0,0,0,0,0,0,0,0,0,0,0,0,0,0,0,0,1,0,1,1,True,False,False,False,False,False,False,False,False,True,False,0,0,1,0,1,1,1,0,1,1,0,1,0,1,0,0,1,0,1
6.0,not_applicable,3.0,3.0,4.0,0.5,8,7,7,5,1,1,0,0,0,1,1,1,0,1,0,0,0,0,0,1,0,1,1,0,1,1,0,1,0,0,0,0,0,0,0,0,1,1,0,0,0,1,0,1,0,0,0,0,0,0,1,0,0,0,0,0,0,0,0,0,0,0,0,0,0,0,1,1,1,1,1,False,False,False,False,True,False,False,False,False,True,False,1,0,1,1,1,1,1,0,1,0,0,1,0,0,0,0,0,1,0
5.0,sunday,5.0,3.0,3.0,1.0,6,5,3,3,1,1,0,0,0,0,1,0,0,1,0,0,0,0,0,1,0,1,1,0,1,1,0,1,0,0,0,0,0,0,0,0,0,1,0,0,0,1,0,0,0,0,0,0,0,0,1,0,0,0,0,0,0,0,0,0,0,0,0,0,0,0,0,1,0,1,1,False,True,False,False,False,False,False,False,False,False,True,0,0,0,0,0,1,1,0,1,0,0,0,0,1,0,0,0,0,1
6.0,,3.0,3.0,4.0,0.5,6,8,2,5,1,1,0,0,0,0,1,1,0,1,0,0,0,0,0,0,0,1,1,0,1,1,0,1,1,0,0,0,0,0,0,0,1,1,0,0,0,1,0,1,0,0,0,0,0,0,0,0,0,0,0,0,0,0,1,0,0,0,0,0,0,0,1,1,1,1,1,False,False,False,False,False,True,False,False,True,False,False,0,0,0,1,0,0,1,0,0,0,0,0,0,0,0,0,0,1,0
4.0,tuesday;wednesday;thursday;friday;saturday,3.0,3.0,4.0,0.75,11,8,3,5,1,1,0,0,1,1,1,1,0,1,0,1,0,0,1,1,0,1,1,0,1,1,0,1,1,0,0,0,0,0,0,0,1,1,0,0,0,1,0,1,0,0,0,0,0,0,1,0,0,0,0,0,0,0,0,0,0,0,0,0,0,0,1,1,1,1,1,False,True,False,False,False,False,False,False,False,False,True,0,0,0,0,0,1,1,0,1,1,0,0,0,1,0,0,0,1,1
6.0,monday;tuesday;wednesday;thursday;friday;saturday;sunday,1.0,3.0,3.0,0.17,7,5,5,4,1,1,0,0,0,1,0,0,0,0,0,1,0,0,1,1,0,1,1,0,1,0,0,1,1,0,0,0,0,0,0,0,1,0,0,0,0,1,0,0,0,0,0,0,0,0,0,0,0,0,0,0,0,0,1,0,0,0,0,0,0,0,1,1,0,1,1,False,True,False,False,False,False,False,False,False,False,True,1,0,0,1,1,0,0,1,1,1,0,1,0,1,0,1,0,0,0
3.0,,1.0,3.0,4.0,0.33,7,5,5,1,1,1,0,0,1,0,1,1,0,0,0,1,0,0,0,1,0,1,0,0,1,0,0,0,1,0,0,0,0,0,0,0,1,1,0,0,0,0,0,1,0,0,0,0,0,0,0,0,0,0,0,0,0,0,0,0,1,0,0,0,0,0,0,0,0,0,1,False,False,True,False,False,False,False,False,False,False,True,0,0,0,1,1,1,1,1,0,1,0,1,0,0,1,0,1,1,0
6.0,wednesday;friday;sunday,5.0,3.0,4.0,0.83,9,5,5,3,1,1,0,0,1,0,1,0,0,1,0,1,0,0,1,1,0,1,1,0,1,1,0,0,1,0,0,0,0,0,0,0,1,0,0,0,0,1,0,0,0,0,0,0,0,0,1,0,0,0,0,0,0,0,0,0,0,0,0,0,0,0,0,1,0,1,1,False,True,False,False,False,False,False,False,False,True,False,0,0,1,0,1,1,1,0,1,0,0,0,0,1,1,0,1,0,1
1.0,,3.0,3.0,4.0,3.0,4,8,7,1,1,1,0,0,0,1,0,1,0,0,0,0,0,0,1,0,0,0,0,0,1,1,0,1,1,0,0,0,0,0,0,0,1,1,0,0,0,1,0,1,0,0,0,0,1,0,0,0,0,0,0,0,0,0,0,0,0,0,0,0,0,0,0,0,1,0,0,False,False,False,True,False,False,False,True,False,False,False,1,0,1,1,1,1,1,1,0,0,1,1,0,1,0,1,1,0,0
3.0,tuesday;wednesday;thursday;friday;sunday,1.0,3.0,3.0,0.33,7,4,3,2,1,1,0,0,0,0,1,0,0,1,0,1,0,0,0,1,0,1,1,0,1,1,0,0,0,0,0,0,0,0,0,0,1,1,0,0,0,0,0,0,0,0,0,0,0,0,0,0,0,0,0,0,0,0,1,0,0,0,0,0,0,0,0,1,0,1,0,False,True,False,False,False,False,False,False,False,True,False,0,0,0,0,0,1,1,0,1,0,0,0,0,0,0,0,0,0,1
1.0,,1.0,4.0,4.0,1.0,3,4,2,2,1,0,0,0,0,0,0,0,0,1,0,1,0,0,1,0,0,0,0,0,1,1,0,0,1,0,0,0,0,0,0,0,0,0,0,0,0,1,0,0,0,0,0,0,0,0,0,0,0,0,0,0,0,0,0,0,0,0,0,0,1,0,0,0,1,1,0,False,False,False,False,False,True,True,False,False,False,False,0,0,1,0,0,0,1,0,0,1,0,0,0,0,0,0,0,1,1
5.0,not_applicable,1.0,3.0,3.0,0.2,7,5,5,1,1,1,0,0,0,0,0,1,0,1,0,1,0,0,0,1,0,1,1,0,1,1,0,0,1,0,0,0,0,0,0,0,0,0,0,0,0,1,0,1,0,0,0,0,1,0,0,0,0,0,0,0,0,0,0,0,0,0,0,0,0,0,0,0,0,1,0,False,False,False,False,True,False,False,False,False,False,True,0,0,1,0,1,1,1,0,1,0,1,1,0,0,0,1,0,1,1
3.0,not_applicable,3.0,3.0,3.0,1.0,7,5,4,5,1,0,0,0,0,0,1,0,0,1,1,1,0,0,1,1,0,0,1,0,0,1,0,0,1,0,0,0,0,0,0,0,1,0,0,0,0,1,0,1,0,0,0,0,0,0,0,0,0,0,0,0,0,0,1,0,0,0,0,0,0,0,1,1,1,1,1,False,False,False,False,True,False,False,False,False,True,False,0,0,0,0,1,1,1,0,1,0,0,0,0,1,0,0,0,0,1
6.0,,5.0,3.0,3.0,0.83,6,8,3,3,1,1,0,0,0,0,1,0,0,0,0,1,0,0,1,0,0,1,1,0,1,1,0,1,0,1,0,0,1,0,0,0,0,0,0,1,0,1,0,1,0,0,0,0,0,0,0,0,0,0,0,0,0,0,0,0,0,0,1,0,0,0,0,1,0,1,1,False,False,False,True,False,False,False,False,False,True,False,0,0,0,1,0,1,1,0,0,0,0,0,0,0,0,0,0,0,1
6.0,monday;tuesday;wednesday;thursday;friday;saturday;sunday,7.0,3.0,4.0,1.17,2,2,1,1,1,0,0,0,1,0,0,0,0,1,0,0,0,0,0,0,0,0,0,0,0,1,0,0,0,0,0,0,0,0,0,0,1,0,0,0,0,0,0,0,0,0,0,0,0,0,0,0,0,1,0,0,0,0,0,0,0,0,0,0,0,0,0,0,1,0,0,False,True,False,False,False,False,False,False,False,False,True,0,0,0,1,0,0,0,0,0,0,1,0,0,0,0,0,0,0,0
1.0,not_applicable,1.0,3.0,4.0,1.0,5,4,2,2,1,1,1,0,0,0,0,1,0,0,0,1,0,0,1,0,0,0,0,0,0,1,0,1,0,0,1,0,0,1,0,0,0,0,0,0,0,0,0,0,0,0,0,0,0,0,0,0,0,0,0,0,0,0,0,0,0,0,0,0,0,1,0,0,0,1,1,True,False,False,False,False,False,False,False,False,True,False,0,0,0,0,0,0,1,0,1,1,0,0,0,0,0,0,0,0,1
4.0,not_applicable,5.0,3.0,4.0,1.25,6,5,1,1,1,1,0,0,0,0,1,0,0,1,0,0,0,0,0,1,0,1,1,0,1,1,0,0,1,0,0,0,0,0,0,0,1,0,0,0,0,0,0,1,0,0,0,0,0,0,0,0,0,0,0,0,0,0,1,0,0,0,0,0,0,0,0,0,0,1,0,False,False,False,False,True,False,False,False,True,False,False,0,0,0,0,0,0,1,0,0,1,0,0,0,0,0,0,0,0,0
1.0,not_applicable,1.0,3.0,4.0,1.0,6,5,3,2,1,1,0,0,0,0,1,1,0,0,0,0,0,0,0,1,0,1,1,0,1,1,0,0,1,0,0,0,0,0,0,0,0,1,0,0,0,1,0,0,0,0,0,0,0,0,0,0,0,0,0,0,0,0,1,0,0,0,0,0,0,0,0,1,0,1,0,False,False,False,False,True,False,False,False,False,False,True,0,0,0,0,0,1,1,0,1,0,0,0,0,0,0,0,0,1,0
4.0,monday;tuesday;wednesday;thursday;friday;saturday;sunday,5.0,3.0,4.0,1.25,12,8,9,5,1,1,0,0,1,1,1,1,0,1,0,1,0,0,1,1,0,1,1,0,1,1,0,1,1,0,0,0,0,0,0,0,1,1,0,0,0,1,0,1,0,0,0,0,0,0,0,0,0,0,0,0,0,1,0,0,0,0,0,0,0,0,1,1,1,1,1,False,False,True,False,False,False,False,False,False,False,True,1,0,1,1,1,1,1,1,1,1,1,1,0,1,1,1,1,1,1
3.0,wednesday,3.0,3.0,3.0,1.0,3,3,4,3,1,1,0,0,0,0,1,0,0,0,0,0,0,0,1,0,0,0,0,0,1,0,0,0,0,0,0,0,0,0,0,0,1,0,0,0,0,0,0,1,0,0,0,0,0,0,1,0,0,0,0,0,0,0,0,0,0,0,0,0,0,0,1,1,0,1,0,True,False,False,False,False,False,False,True,False,False,False,0,0,0,1,1,1,0,1,0,0,1,0,0,1,0,1,1,0,0
6.0,sunday,5.0,3.0,4.0,0.83,2,1,2,5,1,0,0,0,0,0,1,0,0,0,0,0,0,0,0,0,0,1,0,0,0,1,0,0,0,0,0,0,0,0,0,0,0,0,0,0,0,0,0,0,0,0,0,0,0,0,1,0,0,0,0,0,0,0,0,0,0,0,0,0,0,0,1,1,1,1,1,False,True,False,False,False,False,False,False,False,False,True,0,0,0,0,0,0,1,0,1,1,0,0,0,0,0,0,0,1,1
4.0,not_applicable,7.0,3.0,4.0,1.75,11,5,6,3,1,1,0,0,1,1,1,0,0,1,0,1,1,0,1,1,0,1,1,0,1,1,1,0,1,0,0,0,0,0,0,0,0,1,0,0,0,0,0,0,0,0,0,0,0,0,1,0,0,0,0,0,0,0,0,0,0,0,0,0,0,0,0,1,0,1,1,False,False,False,False,True,False,False,False,False,False,True,1,0,1,0,1,1,1,0,1,0,0,0,0,1,0,0,0,1,0
4.0,sunday,1.0,4.0,3.0,0.25,7,5,3,3,1,1,0,0,0,0,1,1,0,1,0,0,0,0,0,1,0,0,1,0,0,1,0,1,0,0,0,0,0,0,0,0,1,1,0,0,0,1,0,0,0,0,0,0,0,0,0,0,0,0,0,0,0,0,0,0,1,0,0,0,0,0,0,1,0,1,1,False,True,False,False,False,False,False,False,False,True,False,0,0,0,0,0,1,1,0,1,0,0,0,0,0,0,0,0,1,0
4.0,tuesday;wednesday;friday;sunday,1.0,3.0,4.0,0.25,11,7,6,3,1,1,0,0,1,1,1,1,0,1,0,1,0,0,0,1,0,1,1,0,1,1,0,1,1,0,0,0,0,0,0,0,1,1,0,0,0,0,0,1,1,0,0,0,0,0,0,0,0,0,0,0,0,0,0,0,0,0,0,0,0,0,0,1,1,1,0,False,True,False,False,False,False,False,False,False,False,True,1,0,0,0,1,1,1,1,1,0,0,1,0,0,0,0,0,0,1
5.0,not_applicable,1.0,3.0,3.0,0.2,11,4,3,4,1,1,0,0,1,1,1,1,0,1,0,1,0,0,1,1,0,1,1,0,1,1,0,0,1,0,0,0,0,0,0,0,0,1,0,0,0,0,0,0,0,0,0,0,0,0,0,0,0,0,0,0,0,0,0,0,1,0,0,0,0,0,1,1,0,1,1,False,False,False,False,True,False,False,False,False,False,True,0,0,0,0,0,1,1,0,1,1,0,0,0,1,1,0,0,1,0
4.0,not_applicable,7.0,3.0,4.0,1.75,12,8,1,1,1,1,0,0,1,1,1,1,0,1,0,1,0,0,1,1,0,1,1,0,1,1,0,1,1,0,0,0,0,0,0,0,1,1,0,0,0,1,0,1,0,0,0,0,0,0,0,0,0,0,0,0,0,0,1,0,0,0,0,0,0,0,0,0,0,1,0,False,False,False,False,True,False,False,False,False,False,True,0,0,0,0,0,0,1,0,0,0,0,0,0,0,0,0,0,0,1
3.0,wednesday;friday;saturday;sunday,3.0,4.0,3.0,1.0,4,4,3,2,1,0,0,0,0,0,1,0,0,1,0,0,0,0,0,1,0,0,1,0,1,1,0,0,0,0,0,0,0,0,0,0,1,0,0,0,0,1,0,0,0,0,0,0,0,0,0,0,0,0,0,0,0,0,0,0,1,0,0,0,0,0,0,1,0,1,0,False,True,False,False,False,False,False,False,False,True,False,0,0,0,0,0,1,1,0,1,0,0,0,0,0,0,0,0,0,1
4.0,not_applicable,3.0,3.0,4.0,0.75,6,5,3,4,1,1,0,0,0,0,1,1,0,0,0,0,0,0,0,1,0,1,1,0,1,1,0,1,1,0,0,0,0,0,0,0,0,1,0,0,0,0,0,0,0,0,0,0,0,0,0,0,0,0,0,0,0,0,0,0,1,0,0,0,0,0,1,1,0,1,1,False,False,False,False,True,False,False,False,False,False,True,0,0,0,1,0,1,1,0,0,0,0,0,0,1,1,0,0,0,1
5.0,monday;tuesday;wednesday;thursday;friday;saturday;sunday,5.0,3.0,4.0,1.0,6,4,4,3,1,0,0,0,0,1,1,0,0,1,0,0,0,0,0,1,0,1,1,0,1,1,0,0,0,0,0,0,0,0,0,0,1,0,0,0,0,0,0,1,0,0,0,0,0,0,0,0,0,0,0,0,0,1,0,0,0,0,0,0,0,0,0,1,0,1,1,False,True,False,False,False,False,False,False,False,False,True,1,0,0,0,1,1,1,0,0,1,0,0,0,0,0,0,0,1,1
3.0,not_applicable,3.0,3.0,3.0,1.0,6,5,5,3,1,0,0,0,1,0,1,0,0,0,0,1,0,0,0,1,0,1,1,0,0,1,0,1,0,0,0,0,0,0,0,0,1,0,0,0,0,1,0,1,0,0,0,0,0,0,0,0,0,0,0,0,0,0,1,0,0,0,0,0,0,0,0,1,0,1,1,False,False,False,False,True,False,False,False,False,True,False,1,0,0,0,1,1,1,0,1,0,0,1,0,1,0,0,1,0,1
4.0,wednesday;sunday,5.0,3.0,4.0,1.25,6,5,4,3,1,0,0,0,1,0,0,0,0,1,0,1,0,0,0,1,0,1,1,0,0,0,0,1,0,0,0,0,0,0,0,0,1,1,0,0,0,1,0,1,0,0,0,0,0,0,0,0,0,0,0,0,0,0,0,0,1,0,0,0,0,0,0,1,0,1,1,False,True,False,False,False,False,False,False,False,True,False,1,0,0,0,0,1,1,0,1,0,0,0,0,1,0,0,0,0,1
6.0,not_applicable,5.0,3.0,4.0,0.83,6,5,3,4,1,1,0,0,0,0,1,0,0,1,0,1,0,0,0,0,0,1,1,0,0,1,0,1,0,0,0,0,0,0,0,0,1,0,0,0,0,1,0,1,0,0,0,0,0,0,0,0,0,0,0,0,0,1,0,0,0,0,0,0,0,0,1,1,0,1,1,False,False,False,False,True,False,False,False,False,False,True,0,0,0,1,1,0,1,0,0,0,0,0,0,0,0,0,0,1,0
3.0,not_applicable,7.0,3.0,4.0,2.33,6,5,4,1,1,1,0,0,0,0,1,1,0,1,0,0,0,0,0,1,0,0,1,0,1,1,0,0,0,0,0,0,0,0,0,0,0,1,0,0,0,1,0,1,0,0,0,0,0,0,1,0,0,0,0,0,0,0,0,0,0,0,0,0,0,0,0,0,0,1,0,False,False,False,False,True,False,False,False,False,False,True,0,0,0,0,1,1,1,0,1,0,0,0,0,0,0,0,0,1,0
5.0,wednesday;friday;sunday,7.0,3.0,3.0,1.4,7,5,5,5,1,0,0,0,0,0,1,0,0,1,0,1,0,0,0,1,1,1,1,0,1,1,0,1,0,0,0,0,0,0,0,0,0,1,0,0,0,1,0,0,0,0,0,0,0,0,0,0,0,0,0,0,0,0,1,0,0,0,0,0,0,0,1,1,1,1,1,False,True,False,False,False,False,True,False,False,False,False,0,0,0,1,1,1,1,0,1,1,0,0,0,1,1,0,0,0,1
6.0,wednesday;sunday,5.0,3.0,4.0,0.83,7,4,3,2,1,0,0,0,0,1,1,1,0,0,0,1,0,0,0,1,0,1,1,0,1,1,0,0,1,0,0,0,0,0,0,0,1,0,0,0,0,0,0,0,0,0,0,0,0,0,0,0,0,0,0,0,0,0,0,0,0,0,0,0,0,1,0,1,0,1,0,False,True,False,False,False,False,False,False,False,False,True,0,0,0,1,0,1,1,0,0,0,0,0,0,0,0,0,0,0,1
5.0,monday;tuesday;wednesday;thursday;friday;saturday;sunday,5.0,3.0,3.0,1.0,7,4,4,5,1,1,0,0,0,0,1,0,0,1,0,0,0,0,0,1,0,1,1,0,1,0,0,0,0,0,0,0,0,0,0,0,1,1,0,0,0,0,0,1,0,0,0,0,0,0,0,0,0,0,0,0,0,0,0,0,0,0,0,0,0,1,1,1,1,1,1,False,True,False,False,False,False,False,False,False,False,True,1,0,0,0,0,1,1,0,1,1,0,1,0,0,0,0,0,0,1
3.0,wednesday;friday;sunday,1.0,3.0,4.0,0.33,6,4,3,5,1,1,0,0,0,0,1,0,0,1,0,0,0,0,0,1,0,1,1,0,0,1,0,0,1,0,0,0,0,0,0,0,1,0,0,0,0,0,0,1,0,0,0,0,0,0,0,0,0,0,0,0,0,0,1,0,0,0,0,0,0,0,1,1,1,1,1,False,True,False,False,False,False,False,False,False,False,True,0,0,0,0,0,1,1,0,1,0,0,0,1,0,0,0,0,0,0
6.0,monday;tuesday;wednesday;thursday;friday;saturday;sunday,7.0,1.0,4.0,1.17,4,1,3,4,1,0,0,0,0,0,1,0,0,0,0,0,0,0,0,1,0,1,1,0,0,1,0,0,0,0,0,0,0,0,0,0,0,0,0,0,0,0,0,0,0,0,0,0,0,0,0,0,0,0,0,1,0,0,0,0,0,0,0,0,0,0,0,1,1,1,1,False,True,False,False,False,False,False,False,False,True,False,0,0,0,0,0,1,1,0,1,0,0,0,0,0,0,0,0,0,1
6.0,sunday,5.0,3.0,4.0,0.83,6,6,5,2,1,1,0,0,0,0,1,0,0,1,0,1,0,0,0,1,0,0,1,0,1,1,0,1,1,0,0,0,0,0,0,0,1,0,0,0,0,0,0,1,0,0,0,0,0,0,1,0,0,0,0,0,0,0,0,0,0,0,0,0,0,0,0,1,0,1,0,False,False,False,False,True,False,False,False,False,True,False,1,0,0,1,0,1,1,0,1,0,0,0,0,0,0,0,0,0,1
3.0,not_applicable,3.0,3.0,4.0,1.0,6,3,3,3,1,0,0,0,0,1,1,0,0,0,0,0,0,0,1,1,0,1,1,0,0,1,0,0,0,0,0,0,0,0,0,0,0,0,0,0,0,1,0,1,0,0,0,0,0,0,0,0,0,0,0,0,0,0,1,0,0,0,0,0,0,0,0,1,1,1,0,False,False,False,False,True,False,False,False,False,True,False,0,0,0,0,0,1,1,0,1,0,0,0,0,0,0,0,1,0,1
4.0,not_applicable,5.0,3.0,4.0,1.25,6,5,4,4,1,1,0,0,0,0,1,0,0,0,0,0,0,0,1,1,0,1,1,0,1,1,0,0,1,0,0,0,0,0,0,0,1,0,0,0,0,1,0,0,0,0,0,0,0,0,0,0,0,0,0,0,0,0,0,0,0,0,1,0,0,0,1,1,0,1,1,False,False,False,False,True,False,False,False,False,True,False,0,0,0,0,1,1,1,0,1,0,0,0,0,1,0,0,1,1,0
3.0,tuesday;wednesday;thursday;friday;saturday;sunday,3.0,3.0,4.0,1.0,8,5,2,4,1,1,0,0,1,0,1,0,0,1,0,0,0,0,1,1,0,1,1,0,0,1,0,1,1,0,0,0,0,0,0,0,0,1,0,0,0,0,0,1,0,0,0,0,0,0,0,0,0,0,0,0,0,0,0,1,0,0,0,0,0,0,1,1,0,1,1,False,True,False,False,False,False,False,False,False,False,True,0,0,0,0,0,0,1,0,1,0,0,0,0,0,0,0,0,1,0
4.0,wednesday;saturday;sunday,1.0,3.0,4.0,0.25,10,8,5,4,1,1,0,0,1,1,1,1,0,1,0,1,0,0,0,1,0,1,1,0,1,1,0,1,1,0,0,0,0,0,0,0,1,1,0,0,0,1,0,1,0,0,0,0,0,0,0,0,0,0,0,0,0,0,0,0,1,0,0,0,0,0,1,1,1,1,0,False,True,False,False,False,False,False,False,False,True,False,1,0,0,1,0,1,1,0,1,0,0,0,0,0,0,0,0,0,1
2.0,wednesday;friday;sunday,1.0,3.0,4.0,0.5,5,4,3,4,1,0,0,0,0,0,1,0,0,0,0,0,0,0,1,1,0,1,1,0,1,1,0,0,0,0,0,0,0,1,0,0,0,0,0,0,0,0,0,1,0,0,0,0,0,0,0,0,0,0,0,0,0,0,0,1,0,0,0,0,0,0,1,1,1,0,1,False,True,False,False,False,False,True,False,False,False,False,0,0,0,0,0,1,1,0,1,1,0,0,0,1,0,0,0,0,1
5.0,wednesday;sunday,1.0,3.0,3.0,0.2,5,5,3,2,1,1,0,0,0,0,0,0,0,0,0,1,0,0,0,1,0,1,1,0,1,1,0,0,0,0,0,0,0,0,0,0,0,1,0,0,0,1,0,1,0,0,0,0,0,0,0,0,1,0,0,0,0,0,0,0,0,0,0,0,0,0,0,1,0,1,0,False,True,False,False,False,False,False,True,False,False,False,0,0,0,0,0,1,1,0,1,0,0,0,0,0,0,0,0,0,1
5.0,sunday,1.0,3.0,3.0,0.2,2,3,1,3,1,0,0,0,0,0,0,0,0,0,0,0,0,0,0,0,0,1,1,0,0,0,0,1,0,0,0,0,0,0,0,0,1,0,0,0,0,0,0,1,0,0,0,0,0,0,0,0,0,0,0,0,0,0,1,0,0,0,0,0,0,0,0,1,1,1,0,False,True,False,False,False,False,False,True,False,False,False,0,0,0,0,0,0,1,0,0,0,0,0,0,0,0,0,0,0,1
3.0,monday;tuesday;wednesday;thursday;sunday,1.0,3.0,4.0,0.33,6,5,5,3,1,0,0,0,1,0,1,0,0,1,0,0,0,0,0,1,0,1,1,0,1,1,0,0,0,0,0,0,0,0,0,0,1,1,0,0,0,1,0,0,0,0,0,0,1,0,0,0,0,0,0,0,0,0,0,0,0,0,0,0,0,0,1,1,0,1,0,False,True,False,False,False,False,False,True,False,False,False,0,0,0,1,1,1,1,0,1,0,0,1,0,1,0,0,1,1,1
3.0,wednesday;friday;sunday,1.0,3.0,4.0,0.33,9,5,6,5,1,1,0,0,0,1,1,1,0,0,0,1,0,0,1,1,0,1,1,0,1,1,0,0,1,0,0,0,0,0,0,0,0,1,0,0,0,1,0,0,0,0,0,0,0,0,0,0,1,0,0,0,0,0,0,0,0,0,0,0,0,0,1,1,1,1,1,False,True,False,False,False,False,False,False,False,True,False,1,0,1,0,1,1,1,0,1,0,0,0,0,1,0,0,0,1,1
4.0,tuesday;wednesday;friday;sunday,1.0,3.0,3.0,0.25,4,4,3,2,1,0,0,0,1,0,0,0,0,0,0,0,0,0,0,1,0,1,1,0,1,0,0,1,1,0,0,0,0,0,0,0,0,0,0,0,1,0,0,0,0,0,0,0,0,1,0,0,0,0,0,0,0,0,0,0,0,0,0,0,0,0,0,1,0,0,1,False,True,False,False,False,False,False,False,False,False,True,1,0,0,0,0,0,1,0,1,0,0,0,0,1,1,0,0,1,0
4.0,not_applicable,1.0,3.0,3.0,0.25,7,6,4,5,1,1,0,0,1,0,1,0,0,1,0,0,0,0,0,1,0,1,1,0,0,1,0,1,0,0,0,0,0,0,0,0,1,1,0,0,0,1,0,1,0,0,0,0,0,0,0,0,0,0,0,0,0,0,1,0,0,0,0,0,0,0,1,1,1,1,1,False,False,False,False,True,False,False,False,False,False,True,0,0,0,0,1,1,1,0,1,1,0,0,0,0,0,0,0,0,1
6.0,wednesday;sunday,5.0,3.0,3.0,0.83,7,7,3,3,1,0,0,0,0,0,0,1,0,1,0,1,0,0,1,1,0,1,1,0,1,0,0,0,1,0,0,0,0,1,0,1,1,0,0,0,0,1,0,1,0,0,0,0,0,0,0,0,0,0,0,0,0,0,1,0,0,0,0,0,0,0,0,0,1,1,1,False,True,False,False,False,False,False,False,False,False,True,0,0,0,0,1,0,1,0,1,1,0,0,0,1,1,0,0,0,1
1.0,tuesday;wednesday;thursday;friday;sunday,5.0,3.0,4.0,5.0,8,6,2,4,2,1,0,0,1,1,1,0,0,1,0,0,0,0,0,1,0,1,1,0,1,1,0,1,0,0,0,0,0,0,0,0,1,1,0,0,0,1,0,0,0,0,0,0,0,0,0,0,0,0,0,0,0,0,1,0,0,0,1,0,0,0,1,1,0,1,1,False,True,False,False,False,False,False,False,False,False,True,0,0,0,0,0,0,1,0,1,0,0,0,0,0,0,0,0,1,0
4.0,wednesday;friday;sunday,5.0,3.0,4.0,1.25,6,5,3,5,3,1,0,0,0,1,1,0,0,0,0,0,0,0,0,1,0,1,1,0,0,1,0,1,1,0,0,0,0,0,0,0,1,1,0,0,0,0,0,0,0,0,0,0,0,0,1,0,0,0,0,0,0,0,1,0,0,0,1,0,0,0,1,1,1,1,1,False,True,False,False,False,False,False,False,False,False,True,0,0,0,0,0,1,1,0,1,1,0,0,0,1,0,0,0,1,1
6.0,,5.0,3.0,3.0,0.83,4,3,4,2,4,1,0,0,0,0,0,0,0,0,0,0,0,0,1,0,1,0,1,0,0,0,0,0,1,0,0,0,0,1,0,0,0,0,0,0,0,1,0,0,0,0,0,0,0,1,0,1,0,0,0,0,0,1,1,0,0,0,0,0,0,0,0,0,1,1,0,False,False,False,False,False,True,False,False,False,False,True,0,0,0,0,1,1,1,0,1,1,0,0,0,1,0,0,0,0,1
4.0,not_applicable,5.0,3.0,4.0,1.25,5,3,3,5,3,1,0,0,0,0,1,0,0,1,0,0,0,0,0,1,0,0,1,0,1,1,0,0,0,0,0,0,0,0,0,0,0,0,0,0,0,1,0,0,0,0,0,0,0,0,0,0,0,0,0,0,1,0,1,0,0,0,1,0,0,0,1,1,1,1,1,True,False,False,False,False,False,False,False,False,True,False,0,0,0,0,0,1,1,0,1,1,0,0,0,1,0,0,1,0,1
5.0,not_applicable,3.0,3.0,4.0,0.6,6,5,3,3,3,0,0,0,1,1,0,1,0,0,0,0,0,0,0,1,0,1,1,0,0,1,0,0,1,0,0,0,0,0,0,0,1,0,0,0,0,1,0,1,0,0,0,0,0,0,1,0,0,0,0,0,0,0,0,1,0,0,0,0,1,0,1,0,0,1,1,False,False,False,False,True,False,False,True,False,False,False,0,0,0,0,0,1,1,0,1,0,0,1,0,1,0,0,1,0,0
2.0,not_applicable,3.0,3.0,4.0,1.5,6,6,4,3,3,0,0,0,0,0,1,1,0,1,0,1,0,0,1,1,0,0,0,0,1,0,0,1,1,0,0,0,0,0,0,0,0,1,0,0,0,1,0,1,0,0,0,0,0,0,1,0,1,0,0,0,0,1,0,0,0,0,0,0,0,0,1,0,0,1,1,False,False,False,False,True,False,False,False,False,False,True,0,0,1,0,1,0,1,0,1,0,0,0,0,0,1,0,0,1,0
6.0,wednesday;sunday,5.0,3.0,3.0,0.83,6,4,4,3,3,1,0,0,0,0,1,0,0,1,0,0,0,0,0,1,0,1,1,0,1,0,0,0,0,0,1,0,0,0,0,0,0,1,0,0,0,0,0,1,0,0,0,0,0,0,1,0,0,0,0,0,0,0,1,0,1,0,0,0,0,0,0,0,1,1,1,False,True,False,False,False,False,False,False,False,True,False,0,0,0,0,1,1,1,0,1,1,0,0,0,0,0,0,1,1,0
4.0,monday;tuesday;wednesday;thursday;friday;saturday;sunday,1.0,3.0,4.0,0.25,6,5,3,1,4,1,0,0,0,0,1,0,0,1,0,0,0,0,0,1,0,1,1,0,1,1,0,0,0,0,0,0,0,0,0,0,1,1,0,0,0,0,0,1,0,0,0,0,0,0,1,0,0,0,0,0,0,0,1,0,1,0,0,0,0,1,0,0,1,0,0,False,True,False,False,False,False,False,False,False,True,False,0,0,0,0,1,0,1,0,1,0,0,0,0,0,0,0,1,1,0
2.0,monday;tuesday;wednesday;thursday;friday;saturday;sunday,7.0,3.0,3.0,3.5,7,3,5,3,1,1,0,1,1,0,1,0,0,0,0,0,0,0,0,1,0,1,1,0,1,1,0,0,0,0,0,0,0,0,0,0,0,0,0,0,0,0,0,1,0,0,0,0,0,0,1,0,0,0,0,0,0,0,0,0,0,0,0,0,0,0,0,1,1,1,0,False,True,False,False,False,False,False,False,False,True,False,0,0,1,0,1,0,1,1,1,1,0,0,0,0,1,0,0,0,0
5.0,monday;wednesday;thursday;friday;saturday;sunday,5.0,3.0,3.0,1.0,8,5,3,5,4,1,0,0,0,1,1,0,0,1,0,0,0,0,1,1,0,1,1,0,0,1,0,0,1,0,0,0,0,0,0,0,1,0,0,0,0,1,0,1,0,0,0,0,0,1,1,0,0,0,0,0,0,0,0,0,0,0,0,0,1,1,1,1,1,1,1,False,True,False,False,False,False,False,False,False,False,True,0,0,0,0,1,0,1,0,1,1,0,0,0,0,0,0,0,0,0
5.0,monday;wednesday;thursday;friday;saturday;sunday,5.0,3.0,3.0,1.0,7,5,3,5,4,1,0,0,0,1,1,0,0,1,0,0,0,0,1,1,0,0,1,0,0,1,0,0,1,0,0,0,0,0,0,0,1,0,0,0,0,1,0,1,0,0,0,0,0,1,0,0,0,0,0,0,1,0,0,0,0,0,0,0,1,1,1,1,1,1,1,False,True,False,False,False,False,False,False,False,False,True,0,0,0,0,1,0,1,0,1,1,0,0,0,0,0,0,0,0,1
4.0,not_applicable,7.0,3.0,4.0,1.75,9,7,4,4,5,1,0,0,0,1,1,0,0,1,0,1,0,0,1,1,0,1,1,0,1,1,0,1,0,0,0,1,0,0,0,0,0,1,1,0,0,1,0,0,0,0,0,0,0,1,1,0,0,0,0,0,0,0,1,0,1,0,1,0,0,0,1,1,0,1,1,True,False,False,False,False,False,False,False,False,False,True,0,0,0,0,1,1,1,0,1,1,0,0,0,1,1,0,1,1,0
4.0,wednesday;sunday,3.0,3.0,4.0,0.75,9,5,5,4,1,1,0,0,1,1,1,1,0,1,0,0,0,0,0,1,0,1,1,0,1,1,0,1,0,0,0,0,0,0,0,0,1,1,0,0,0,0,0,0,0,0,0,0,0,0,0,0,0,0,0,0,0,0,1,0,0,0,0,0,0,0,0,1,1,1,1,False,True,False,False,False,False,False,False,False,True,False,1,0,0,0,1,1,1,0,1,0,0,1,0,0,0,0,1,0,1
3.0,wednesday;sunday,5.0,3.0,4.0,1.67,5,4,5,2,1,1,0,0,0,0,1,0,0,1,0,0,0,0,0,1,0,0,1,0,1,1,0,0,1,0,0,0,0,0,0,0,0,1,0,0,0,0,0,0,0,0,0,0,0,0,0,0,0,0,0,0,0,0,1,0,0,0,0,0,0,0,0,1,0,1,0,False,True,False,False,False,False,False,False,False,True,False,1,0,0,0,1,1,1,0,1,0,0,0,0,0,0,0,0,1,0
4.0,not_applicable,5.0,3.0,4.0,1.25,7,5,1,3,3,1,0,0,0,1,1,0,0,1,0,0,0,0,0,1,0,1,1,0,1,1,0,0,1,0,0,0,0,0,0,0,1,0,0,0,0,0,0,1,0,0,0,0,0,1,0,0,0,0,0,0,0,0,0,0,0,0,0,0,1,1,0,1,1,1,0,False,False,False,False,True,False,False,False,False,False,True,0,0,0,0,0,0,1,0,0,0,0,1,0,0,0,0,0,0,1
5.0,sunday,1.0,3.0,4.0,0.2,2,3,2,1,1,0,0,0,0,0,0,0,0,0,0,0,0,0,0,1,0,0,1,0,1,1,0,0,0,0,0,0,0,0,0,0,0,1,0,0,0,0,0,0,0,0,0,0,0,0,0,0,0,0,0,0,0,0,1,0,0,0,0,0,0,0,0,0,0,1,0,False,True,False,False,False,False,False,False,False,True,False,0,0,0,0,0,0,1,0,1,0,0,0,0,0,1,0,0,0,1
3.0,not_applicable,1.0,3.0,4.0,0.33,6,5,5,2,3,0,0,0,1,1,0,0,1,0,0,1,0,0,0,1,0,0,1,0,1,1,0,0,1,0,0,0,0,0,0,0,1,1,0,0,0,0,0,0,0,0,0,0,0,0,1,0,0,0,0,0,0,0,1,0,0,0,1,0,0,0,1,1,0,0,0,True,False,False,False,False,False,False,False,False,False,True,0,0,1,0,1,1,1,0,1,0,0,0,0,1,0,0,1,0,1
3.0,sunday,1.0,4.0,3.0,0.33,8,3,3,4,2,1,0,0,1,1,1,1,0,0,0,0,0,0,0,1,0,1,1,0,1,1,0,0,0,0,0,0,0,0,0,0,0,0,0,0,0,0,0,1,0,0,0,0,0,1,1,0,0,0,0,0,0,0,0,0,0,0,0,0,0,0,1,1,1,0,1,False,True,False,False,False,False,True,False,False,False,False,0,0,0,1,1,1,0,0,0,0,0,0,0,1,0,0,1,0,1
4.0,not_applicable,5.0,3.0,4.0,1.25,9,5,5,3,8,1,0,0,1,1,1,0,0,1,0,1,0,0,0,1,0,1,1,0,1,1,0,0,1,0,0,0,0,0,0,0,0,1,0,0,0,1,0,0,0,0,0,0,0,1,1,0,1,0,1,0,0,1,1,0,0,0,0,0,1,1,0,1,1,1,0,False,False,False,False,True,False,False,False,False,True,False,0,0,1,0,1,1,1,0,1,1,0,0,0,1,0,0,1,0,1
6.0,not_applicable,7.0,3.0,3.0,1.17,7,3,5,2,5,0,0,0,0,0,1,0,0,1,0,1,0,0,1,1,0,1,1,0,0,1,0,0,1,0,0,0,0,0,0,0,0,0,0,0,0,1,0,0,0,0,0,0,1,0,1,1,0,0,0,0,0,0,0,0,0,0,0,0,1,1,0,1,0,1,0,True,False,False,False,False,False,False,False,False,True,False,0,0,1,0,1,1,1,0,1,1,0,1,0,1,0,0,0,1,0
4.0,monday;tuesday;wednesday;thursday;friday;sunday,1.0,4.0,3.0,0.25,5,2,3,4,2,1,0,0,0,0,0,0,0,1,0,1,0,0,0,1,0,0,1,0,0,1,0,0,0,0,0,0,0,0,0,0,0,1,0,0,0,0,0,0,0,0,0,0,0,0,0,0,0,0,0,0,0,1,1,0,0,0,0,0,0,0,1,1,1,1,0,False,True,False,False,False,False,False,False,False,False,True,0,0,0,0,0,1,1,0,1,0,0,0,0,0,0,0,0,1,0
4.0,not_applicable,5.0,3.0,4.0,1.25,7,5,5,3,2,0,0,0,1,1,1,1,0,0,0,0,0,0,0,1,0,1,1,0,1,1,0,0,1,0,0,0,0,0,0,0,1,1,0,0,0,0,0,0,0,0,0,0,0,0,0,0,0,0,0,0,0,0,1,0,0,1,0,0,0,0,0,1,0,1,1,False,False,False,False,True,False,False,False,False,False,True,0,0,1,1,0,1,1,0,1,0,0,0,0,0,0,0,1,1,1
3.0,sunday,5.0,3.0,4.0,1.67,6,5,3,5,5,0,0,0,0,1,0,1,0,1,0,0,0,0,0,1,0,1,1,0,1,1,0,1,1,0,0,0,0,1,0,0,0,0,0,0,0,0,0,0,0,1,1,1,0,1,0,0,0,0,0,0,0,0,1,0,0,0,0,0,0,0,1,1,1,1,1,False,True,False,False,False,False,False,False,False,True,False,0,0,0,0,0,1,1,0,1,0,0,0,0,0,0,0,0,0,1
4.0,not_applicable,1.0,3.0,4.0,0.83,6,5,1,1,1,1,0,0,1,0,1,0,0,0,0,0,0,0,0,1,0,1,1,0,1,1,0,1,0,0,0,0,0,0,0,0,1,1,0,0,0,0,0,0,0,0,0,0,0,0,0,0,0,0,0,0,0,0,1,0,0,0,0,0,0,0,0,0,1,0,0,False,False,False,False,True,False,False,False,False,True,False,0,0,0,0,0,0,1,0,0,0,0,0,0,0,0,0,0,0,1
4.0,wednesday;sunday,7.0,3.0,4.0,1.75,11,8,3,5,6,1,0,0,1,1,1,1,0,1,0,1,0,0,1,1,0,1,1,0,1,1,0,1,1,0,0,0,0,0,0,0,1,1,0,0,0,1,0,1,0,0,0,0,1,1,1,0,0,0,0,0,0,0,0,0,1,1,0,0,0,1,1,1,1,1,1,False,True,False,False,False,False,True,False,False,False,False,0,0,0,0,0,1,1,0,1,0,0,1,0,1,0,0,1,0,1
5.0,sunday,5.0,3.0,4.0,1.0,9,5,7,5,1,1,0,0,1,1,1,1,0,1,0,0,0,0,0,1,0,1,1,0,1,1,0,0,0,0,0,0,0,0,0,0,1,0,0,0,0,1,0,1,0,0,0,0,0,0,0,0,0,0,0,0,0,0,1,0,0,0,0,0,0,0,1,1,1,1,1,False,True,False,False,False,False,False,False,False,True,False,1,0,1,1,1,1,1,0,1,0,0,0,0,0,0,0,0,0,1
4.0,tuesday;wednesday;thursday;sunday,3.0,3.0,4.0,0.75,6,5,3,4,2,0,0,0,0,0,1,0,0,1,0,1,0,0,0,1,0,1,1,0,1,1,0,0,1,0,0,0,0,1,0,0,0,1,0,0,0,0,0,0,0,0,0,0,0,1,1,0,0,0,0,0,0,0,0,0,0,0,0,0,0,0,0,1,1,1,1,False,True,False,False,False,False,True,False,False,False,False,0,0,0,0,0,1,1,0,1,0,0,0,0,0,0,0,0,1,0
4.0,tuesday;wednesday;thursday;friday;sunday,7.0,3.0,3.0,1.75,11,8,4,5,6,1,0,0,1,1,1,1,0,1,0,1,0,0,1,1,0,1,1,0,1,1,0,1,1,0,0,0,0,0,0,0,1,1,0,0,0,1,0,1,0,1,1,0,1,0,0,1,0,0,0,0,1,0,0,0,0,0,0,0,0,1,1,1,1,1,1,False,True,False,False,False,False,True,False,False,False,False,1,0,0,1,0,0,1,0,1,1,0,1,0,0,0,0,1,1,1
6.0,tuesday;wednesday;thursday;friday;sunday,5.0,3.0,4.0,0.83,6,5,4,5,3,1,0,0,0,0,1,0,0,1,0,0,0,0,0,1,0,1,1,0,1,1,0,0,1,0,0,0,0,0,0,0,0,0,0,0,0,1,0,1,0,0,0,0,0,0,1,0,0,0,0,0,0,0,1,0,0,0,1,0,0,0,1,1,1,1,1,False,True,False,False,False,False,False,False,False,False,True,0,0,0,0,1,1,1,0,1,0,0,0,0,1,0,0,1,1,1
